no,name,result,heightMeters,basis
1,王ヶ頭ホテル（長野県）,構造物（高さ未確認）,,天守（または天守代用の櫓）が現存・再建されているが、出典付きの高さを今回確認できなかった
2,姫路城,構造物,46.5,建物31.5m＋天守台15m（備前丸から）｜城びと第113回
3,大阪城,構造物,54.8,建物41.5m＋天守台13.3m｜城びと
4,名古屋城,構造物,48.3,建物36.2m＋天守台12.1m（本丸から。内堀側は55.7m）｜城びと
5,松本城,構造物,29.4,建物24.4m＋天守台5m（本丸から）｜城びと
6,彦根城,構造物,23.5,建物15.5m＋天守台8m｜城びと
7,犬山城,構造物,24.0,建物19.0m＋天守台5m｜城びと
8,熊本城,構造物,37.2,建物31.2m＋天守台6m｜城びと
9,弘前城,構造物,16.0,石垣込み約16m｜genson12
10,五稜郭,地表,0,星形の堡塁跡（箱館奉行所は低層）
11,会津若松城（鶴ヶ城）,構造物,36.15,石垣11m＋建物25.15m｜国立国会図書館サーチ収録資料
12,仙台城,地表,0,建物は現存しない城跡
13,高知城,構造物,18.5,石垣込み約18.5m｜genson12
14,松山城（愛媛）,構造物,20.1,建物16.0m＋天守台4.1m（本壇上から。本壇下からは28.4m）｜城びと
15,佐賀城,地表,0,天守は無い（本丸御殿のみ）
16,鳥取城跡,地表,0,城跡。天守・主要建物が無い（または石垣・土塁のみ）ため地表を被写体とする
17,小田原城,構造物,38.7,建物27.2m＋天守台11.5m｜城びと
18,盛岡城跡,地表,0,城跡。天守・主要建物が無い（または石垣・土塁のみ）ため地表を被写体とする
19,山形城跡,地表,0,城跡。天守・主要建物が無い（または石垣・土塁のみ）ため地表を被写体とする
20,二本松城跡,地表,0,城跡。天守・主要建物が無い（または石垣・土塁のみ）ため地表を被写体とする
21,水戸城跡,地表,0,城跡。天守・主要建物が無い（または石垣・土塁のみ）ため地表を被写体とする
22,甲府城跡,地表,0,城跡。天守・主要建物が無い（または石垣・土塁のみ）ため地表を被写体とする
23,上田城,地表,0,天守は無い（櫓のみ）
24,金沢城,地表,0,天守は無い（菱櫓・五十間長屋のみ）
25,丸岡城,構造物,18.7,石垣込み約18.7m｜genson12
26,二条城,地表,0,天守は無い（二の丸御殿のみ）
27,江戸城（皇居）,地表,0,天守は無い（天守台のみ）
28,明石城,地表,0,天守は無い（巽櫓・坤櫓のみ）
29,津山城,地表,0,天守は無い（備中櫓のみ）
30,松江城,構造物,30.0,建物22.4m＋天守台7.6m｜城びと
31,徳島城跡,地表,0,城跡。天守・主要建物が無い（または石垣・土塁のみ）ため地表を被写体とする
32,高松城,地表,0,天守は現存せず（天守台のみ）。月見櫓等は別位置
33,今治城,構造物（高さ未確認）,,天守（または天守代用の櫓）が現存・再建されているが、出典付きの高さを今回確認できなかった
34,大分府内城跡,地表,0,城跡。天守・主要建物が無い（または石垣・土塁のみ）ため地表を被写体とする
35,飫肥城跡,地表,0,城跡。天守・主要建物が無い（または石垣・土塁のみ）ため地表を被写体とする
36,首里城,地表,0,正殿は木造3階の低層で2026年秋完成予定。登録座標が正殿上か未確認のため地表扱い（完成後に再判定）
37,新発田城跡,地表,0,三階櫓（復元）あり。座標が櫓上か未確認のため地表扱い
38,駿府城,地表,0,天守は無い（巽櫓・坤櫓・東御門のみ）
39,岐阜城,構造物,17.7,棟高17.7m（建物のみ。天守台未加算）｜岐阜市資料
40,岡山城,構造物,24.0,往時天守 24m（外観復元のため同規模。建物のみ・天守台未加算）｜日本の城 Japan-Castle
41,福山城,構造物,30.0,往時天守 30m（外観復元のため同規模。建物のみ・天守台未加算）｜日本の城 Japan-Castle
42,宇和島城,構造物,20.0,石垣込み約20m｜現存12天守高さランキング(genson12)
43,大洲城,構造物,19.15,木造復元天守 19.15m（建物のみ。天守台未加算）｜城びと
44,備中松山城,構造物,13.7,建物11m＋天守台2.7m｜城びと
45,米沢城跡,地表,0,城跡。天守・主要建物が無い（または石垣・土塁のみ）ため地表を被写体とする
46,白石城,構造物,16.7,三階櫓（天守）高さ 石垣天端から16.7m（建物のみ・天守台未加算）｜国土交通省資料
47,米子城跡,地表,0,城跡。天守・主要建物が無い（または石垣・土塁のみ）ため地表を被写体とする
48,唐津城,構造物（高さ未確認）,,天守（または天守代用の櫓）が現存・再建されているが、出典付きの高さを今回確認できなかった
49,平戸城,構造物（高さ未確認）,,天守（または天守代用の櫓）が現存・再建されているが、出典付きの高さを今回確認できなかった
50,島原城,構造物,33.0,五層天守 高さ33m｜島原城監修の施設紹介(gltjp)。天守台込みか未記載
51,浜松城,構造物（高さ未確認）,,天守（または天守代用の櫓）が現存・再建されているが、出典付きの高さを今回確認できなかった
52,川越城,地表,0,天守は無い（本丸御殿のみ）
53,忍城,構造物（高さ未確認）,,天守（または天守代用の櫓）が現存・再建されているが、出典付きの高さを今回確認できなかった
54,苗木城跡,地表,0,城跡。天守・主要建物が無い（または石垣・土塁のみ）ため地表を被写体とする
55,掛川城,構造物（高さ未確認）,,天守（または天守代用の櫓）が現存・再建されているが、出典付きの高さを今回確認できなかった
56,岡崎城,構造物,18.5,天守 18.5m（建物のみ・天守台未加算）｜日本の城 Japan-Castle
57,郡上八幡城,構造物（高さ未確認）,,天守（または天守代用の櫓）が現存・再建されているが、出典付きの高さを今回確認できなかった
58,越前大野城,構造物（高さ未確認）,,天守（または天守代用の櫓）が現存・再建されているが、出典付きの高さを今回確認できなかった
59,田丸城跡,地表,0,城跡。天守・主要建物が無い（または石垣・土塁のみ）ため地表を被写体とする
60,岩村城跡,地表,0,城跡。天守・主要建物が無い（または石垣・土塁のみ）ため地表を被写体とする
61,富山城,構造物（高さ未確認）,,天守（または天守代用の櫓）が現存・再建されているが、出典付きの高さを今回確認できなかった
62,伊賀上野城,構造物（高さ未確認）,,天守（または天守代用の櫓）が現存・再建されているが、出典付きの高さを今回確認できなかった
63,久保田城跡,地表,0,御隅櫓（模擬）あり。天守ではないため地表扱い
64,横手城,構造物（高さ未確認）,,天守（または天守代用の櫓）が現存・再建されているが、出典付きの高さを今回確認できなかった
65,三春城跡,地表,0,城跡。天守・主要建物が無い（または石垣・土塁のみ）ため地表を被写体とする
66,大和郡山城,地表,0,天守は無い（天守台・追手櫓のみ）
67,白河小峰城,構造物（高さ未確認）,,天守（または天守代用の櫓）が現存・再建されているが、出典付きの高さを今回確認できなかった
68,下田城跡,地表,0,城跡。天守・主要建物が無い（または石垣・土塁のみ）ため地表を被写体とする
69,八王子城跡,地表,0,城跡。天守・主要建物が無い（または石垣・土塁のみ）ため地表を被写体とする
70,小牧山城跡,地表,0,山頂に模擬天守型の小牧市歴史館あり。座標が館上か未確認のため地表扱い
71,大垣城,構造物（高さ未確認）,,天守（または天守代用の櫓）が現存・再建されているが、出典付きの高さを今回確認できなかった
72,出石城跡,地表,0,城跡。天守・主要建物が無い（または石垣・土塁のみ）ため地表を被写体とする
73,竹田城跡,地表,0,城跡。天守・主要建物が無い（または石垣・土塁のみ）ため地表を被写体とする
74,福知山城,構造物（高さ未確認）,,天守（または天守代用の櫓）が現存・再建されているが、出典付きの高さを今回確認できなかった
75,三原城跡,地表,0,城跡。天守・主要建物が無い（または石垣・土塁のみ）ため地表を被写体とする
76,能島城跡,地表,0,城跡。天守・主要建物が無い（または石垣・土塁のみ）ため地表を被写体とする
77,沼田城跡,地表,0,城跡。天守・主要建物が無い（または石垣・土塁のみ）ため地表を被写体とする
78,新田金山城跡,地表,0,城跡。天守・主要建物が無い（または石垣・土塁のみ）ため地表を被写体とする
79,佐倉城跡,地表,0,城跡。天守・主要建物が無い（または石垣・土塁のみ）ため地表を被写体とする
80,唐沢山城跡,地表,0,城跡。天守・主要建物が無い（または石垣・土塁のみ）ため地表を被写体とする
81,吉田城,構造物（高さ未確認）,,天守（または天守代用の櫓）が現存・再建されているが、出典付きの高さを今回確認できなかった
82,岸和田城,構造物（高さ未確認）,,天守（または天守代用の櫓）が現存・再建されているが、出典付きの高さを今回確認できなかった
83,高天神城跡,地表,0,城跡。天守・主要建物が無い（または石垣・土塁のみ）ため地表を被写体とする
84,福岡城跡,地表,0,城跡。天守・主要建物が無い（または石垣・土塁のみ）ため地表を被写体とする
85,月山富田城跡,地表,0,城跡。天守・主要建物が無い（または石垣・土塁のみ）ため地表を被写体とする
86,人吉城跡,地表,0,城跡。天守・主要建物が無い（または石垣・土塁のみ）ため地表を被写体とする
87,鹿児島城跡（鶴丸城）,地表,0,城跡。天守・主要建物が無い（または石垣・土塁のみ）ため地表を被写体とする
88,今帰仁城跡,地表,0,城跡。天守・主要建物が無い（または石垣・土塁のみ）ため地表を被写体とする
89,中城城跡,地表,0,城跡。天守・主要建物が無い（または石垣・土塁のみ）ため地表を被写体とする
90,銀山城跡,地表,0,城跡。天守・主要建物が無い（または石垣・土塁のみ）ため地表を被写体とする
91,知覧城跡,地表,0,城跡。天守・主要建物が無い（または石垣・土塁のみ）ため地表を被写体とする
92,延岡城跡,地表,0,城跡。天守・主要建物が無い（または石垣・土塁のみ）ため地表を被写体とする
93,藤橋城（西美濃プラネタリウム）,構造物（高さ未確認）,,天守（または天守代用の櫓）が現存・再建されているが、出典付きの高さを今回確認できなかった
94,熱海城,構造物,43.0,天守閣風建造物 43m（石垣一体）｜城びと
95,墨俣一夜城,構造物（高さ未確認）,,天守（または天守代用の櫓）が現存・再建されているが、出典付きの高さを今回確認できなかった
96,萩城跡,地表,0,城跡。天守・主要建物が無い（または石垣・土塁のみ）ため地表を被写体とする
97,鉢形城跡,地表,0,城跡。天守・主要建物が無い（または石垣・土塁のみ）ため地表を被写体とする
98,丹波篠山城跡,地表,0,城跡。天守・主要建物が無い（または石垣・土塁のみ）ため地表を被写体とする
99,岩槻城跡,地表,0,城跡。天守・主要建物が無い（または石垣・土塁のみ）ため地表を被写体とする
100,杉山城跡,地表,0,城跡。天守・主要建物が無い（または石垣・土塁のみ）ため地表を被写体とする
101,清州城天主閣（模擬天守）,構造物（高さ未確認）,,天守（または天守代用の櫓）が現存・再建されているが、出典付きの高さを今回確認できなかった
102,清洲古城跡公園（史跡・本来の城跡）,地表,0,本来の城跡。模擬天守は別登録の清州城天主閣
103,津城跡,地表,0,模擬三重櫓あり。天守ではないため地表扱い
104,三徳山三佛寺 投入堂,地表,0,断崖の岩窟に建つ小堂で、地表(DEM)からの高さが定義できない。岩壁面を地表として扱う
105,高野山 金剛峯寺,地表,0,低層の伽藍群で単一の頂点が無い
106,羽黒山五重塔（出羽三山）,構造物,29.0,高さ29.0m（29.2m表記もあり）｜tabi-mag・るるぶ
107,加賀大観音,構造物,73.0,全長73m｜乗りものニュース(大阪航空局発表記事)
108,コスモクロック21,構造物,112.5,全高112.5m｜よこはまコスモワールド紹介
109,ダイヤと花の大観覧車,構造物,117.0,最高所 地上117m｜泉陽興業掲載情報
110,Sky-Boat,構造物,52.0,最高で地上52m（ビル壁面設置）｜SUNSHINE SAKAE監修(gltjp)
111,HEP FIVE観覧車,構造物,106.0,最上部 約106m（ビル屋上設置）｜tabi-mag
112,Fuji Sky View,構造物,60.0,高さ60m｜EXPASA富士川(上り)紹介(DIME/泉陽興業)
113,アミュラン,構造物,91.0,地上91m（アミュプラザ鹿児島屋上）｜Amuran記事(公式サイト出典)
