番号,名称,分類,緯度,経度,R2先読み対象,Eドライブ中心点DEM,中心点標高m
"1","富士山","山","35.3606255","138.7273634","対象","DEM10B","3773.8506397437163"
"2","槍ヶ岳","山","36.3420332","137.6476213","対象外","DEM10B","3178.6588497715256"
"3","剱岳","山","36.6235128","137.6174445","対象外","DEM10B","2985.850455011303"
"4","北岳","山","35.6747908","138.238854","対象外","DEM10B","3186.411576134974"
"5","谷川岳","山","36.83725","138.930139","対象外","DEM10B","1969.6585408671315"
"6","大山（鳥取・弥山）","山","35.3709889","133.5399803","対象外","DEM10B","1709.119706170473"
"7","阿蘇山","山","32.884194","131.104028","対象外","DEM10B","1586.6758914914508"
"8","羊蹄山","山","42.826611","140.811361","対象外","DEM5A","1892.1066808005269"
"9","赤岳（八ヶ岳）","山","35.9709231","138.370226","対象外","DEM10B","2890.7945345470453"
"10","立山","山","36.575833","137.619722","対象外","DEM10B","3003.6691476340425"
"11","大雪山（旭岳）","山","43.6636723","142.8543025","対象外","DEM5A","2286.315182194827"
"12","斜里岳","山","43.7659255","144.717423","対象外","DEM5A","1526.6967237473657"
"13","阿寒岳（雌阿寒岳）","山","43.386667","144.008833","対象外","DEM5A","1483.8702081027768"
"14","八甲田山（大岳）","山","40.658806","140.877306","対象外","DEM10B","1581.0839919590237"
"15","八幡平","山","39.9577713","140.8540762","対象外","DEM10B","1610"
"16","岩手山","山","39.8526209","141.0010175","対象外","DEM10B","2036.4759727786247"
"17","鳥海山","山","39.09925","140.048833","対象外","DEM10B","2228.141171869313"
"18","早池峰山","山","39.5584096","141.4889859","対象外","DEM10B","1912.6693923937173"
"19","月山","山","38.547222","140.026667","対象外","DEM10B","1969.7253503534744"
"20","十勝岳","山","43.4180311","142.686264","対象外","DEM5A","2071.943478342127"
"21","磐梯山","山","37.6009417","140.0722501","対象外","DEM10B","1814.0213789112836"
"22","飯豊山","山","37.854834","139.7071067","対象外","DEM10B","2104.196213342981"
"23","蔵王山（熊野岳）","山","38.143611","140.440278","対象外","DEM10B","1839.998798259461"
"24","西吾妻山","山","37.7384646","140.1408447","対象外","DEM10B","2032.3662803737411"
"25","会津駒ヶ岳","山","37.0475","139.353889","対象外","DEM10B","2130.5992014529197"
"26","武尊山","山","36.8053471","139.132674","対象外","DEM10B","2153.7968983192136"
"27","日光白根山","山","36.7986668","139.3759115","対象外","DEM10B","2567.617558608536"
"28","男体山","山","36.7654844","139.4907465","対象外","DEM10B","2458.4804937300923"
"29","至仏山","山","36.903252","139.1733402","対象外","DEM10B","2221.4289155246106"
"30","平ヶ岳","山","37.002243","139.1708481","対象外","DEM10B","2140.503030206849"
"31","苗場山","山","36.8457847","138.6904786","対象外","DEM10B","2143.7153520420625"
"32","那須岳","山","37.12475","139.962806","対象外","DEM10B","1909.954000025247"
"33","赤城山（黒檜山）","山","36.560333","139.193167","対象外","DEM10B","1819.719180213663"
"34","天城山","山","34.86275","139.001861","対象外","DEM10B","1402.7206761258376"
"35","丹沢山","山","35.474534","139.1628398","対象外","DEM10B","1564.6959039358235"
"36","両神山","山","36.0236164","138.8412288","対象外","DEM10B","1713.7262603406236"
"37","雲取山","山","35.8554954","138.943958","対象外","DEM10B","2014.9634838977918"
"38","甲武信ヶ岳","山","35.9092172","138.7289381","対象外","DEM10B","2472.192387030014"
"39","金峰山（山梨）","山","35.8718498","138.6253839","対象外","DEM10B","2584.423866617682"
"40","瑞牆山","山","35.893472","138.592139","対象外","DEM10B","2230"
"41","浅間山","山","36.406444","138.522972","対象外","DEM10B","2565.7979922699756"
"42","妙高山","山","36.8925115","138.1130459","対象外","DEM10B","2442.477202784802"
"43","火打山","山","36.9227152","138.0681294","対象外","DEM10B","2461.081235331382"
"44","仙丈ヶ岳","山","35.7199671","138.1836325","対象外","DEM10B","3030.847602346733"
"45","甲斐駒ヶ岳","山","35.757778","138.236667","対象外","DEM10B","2954.4721096057438"
"46","塩見岳","山","35.5738331","138.1831969","対象外","DEM10B","3042.063530531546"
"47","荒川岳・悪沢岳","山","35.4990602","138.1812957","対象外","DEM10B","3040.508274372725"
"48","赤石岳","山","35.4612412","138.1573537","対象外","DEM10B","3120"
"49","聖岳","山","35.4225503","138.1397482","対象外","DEM10B","3009.2543220500706"
"50","木曽駒ヶ岳","山","35.78625","137.807778","対象外","DEM10B","2922.2887482432457"
"51","空木岳","山","35.7190754","137.8173044","対象外","DEM10B","2853.943917915413"
"52","木曽御嶽山","山","35.8887309","137.4827251","対象外","DEM10B","2927.607921758637"
"53","乗鞍岳","山","36.106472","137.553611","対象外","DEM10B","3022.6100949302518"
"54","穂高岳","山","36.289167","137.648056","対象外","DEM10B","3192.0850487344765"
"55","笠ヶ岳","山","36.3154614","137.550413","対象外","DEM10B","2894.66109523022"
"56","白馬岳","山","36.7587181","137.7585896","対象外","DEM10B","2930.663253280449"
"57","五竜岳","山","36.6584244","137.7526359","対象外","DEM10B","2810.84561258644"
"58","鹿島槍ヶ岳","山","36.6246883","137.7470709","対象外","DEM10B","2865.8730433626247"
"59","常念岳","山","36.3253767","137.7276937","対象外","DEM10B","2852.1014647763477"
"60","鷲羽岳","山","36.4029452","137.6052654","対象外","DEM10B","2922.210153207929"
"61","薬師岳","山","36.4692771","137.5449941","対象外","DEM1A","2888.261314422131"
"62","白山（御前峰）","山","36.15506","136.77145","対象外","DEM10B","2701.26300795394"
"63","荒島岳","山","35.9344388","136.6012083","対象外","DEM10B","1519.6681688313115"
"64","大峰山（弥山）","山","34.173583","135.907444","対象外","DEM10B","1911.0105518888429"
"65","大台ヶ原山","山","34.1852589","136.1091955","対象外","DEM10B","1693.580684035828"
"66","伊吹山","山","35.4179018","136.4065165","対象外","DEM5A","1375.9567588099649"
"67","剣山","山","33.8535949","134.0941633","対象外","DEM10B","1951.4773287669764"
"68","石鎚山","山","33.767778","133.114917","対象外","DEM10B","1973.7206758867694"
"69","霧島山（高千穂峰）","山","31.8859735","130.9188233","対象外","DEM10B","1568.7678029188535"
"70","利尻岳","山","45.178583","141.245167","対象外","DEM5A","1510.0226259577516"
"71","幌尻岳","山","42.7194024","142.6828594","対象外","DEM10B","2050.45985527568"
"72","トムラウシ山","山","43.5272711","142.8487928","対象外","DEM5A","2137.4898602515664"
"73","霧島山（韓国岳）","山","31.9341701","130.8615319","対象外","DEM10B","1698.644918619648"
"74","宮之浦岳（屋久島）","山","30.3362505","130.5040217","対象外","DEM10B","1914.748332295877"
"75","美ヶ原高原（王ヶ頭）","山","36.225917","138.107444","対象外","DEM10B","2033.373902659391"
"76","王ヶ鼻ホテル（美ヶ原）","山","36.225682","138.108718","対象外","DEM10B","2030.3965753406762"
"77","美しの塔（美ヶ原）","山","36.224146","138.124295","対象外","DEM10B","1960.6028830144253"
"78","曽爾高原","山","34.517839","136.160488","対象外","DEM10B","680.9037947003088"
"79","岩木山","山","40.6559319","140.3029642","対象外","DEM10B","1620.6693028210416"
"80","恵那山","山","35.4432801","137.5970233","対象外","DEM10B","2181.585169864036"
"81","開聞岳","山","31.1801363","130.5283045","対象外","DEM10B","921.1203505955931"
"82","九重山（久住山）","山","33.0818276","131.2407277","対象外","DEM10B","1767.2128850799484"
"83","焼岳","山","36.2297","137.5897","対象外","DEM10B","2341.336008097298"
"84","間ノ岳","山","35.6461052","138.2283579","対象外","DEM10B","3180.508669873169"
"85","鳳凰山","山","35.701806","138.304694","対象外","DEM10B","2840.1191515559226"
"86","巻機山","山","36.9785866","138.9643751","対象外","DEM10B","1964.8268211676682"
"87","蓼科山","山","36.1037328","138.2948849","対象外","DEM10B","2530.2000000000003"
"88","燧ヶ岳","山","36.9552015","139.28538799999998","対象外","DEM10B","2348.0698604985378"
"89","暑寒別岳","山","43.7158209","141.5230867","対象外","DEM5A","1487.9637273239728"
"90","祖母山","山","32.8279924","131.3473185","対象外","DEM10B","1734.4483387198272"
"91","姫路城","城・城跡","34.839449","134.6939047","対象","DEM10B","40.983598976120724"
"92","大阪城","城・城跡","34.6872571","135.5258546","対象","DEM10B","32.53126889244124"
"93","名古屋城","城・城跡","35.1847501","136.8996883","対象","DEM10B","8.497780329607437"
"94","松本城","城・城跡","36.238653","137.9688674","対象","DEM10B","587.3507998366002"
"95","彦根城","城・城跡","35.276452","136.251846","対象","DEM10B","111.67345014964955"
"96","犬山城","城・城跡","35.3883604","136.9391766","対象","DEM10B","80.69158537979605"
"97","熊本城","城・城跡","32.8061859","130.7058335","対象","DEM10B","41.41354705803793"
"98","弘前城","城・城跡","40.6079159","140.4636654","対象","DEM10B","34.953659753991154"
"99","五稜郭","城・城跡","41.7968814","140.7561138","対象","DEM5A","13.561691842799739"
"100","会津若松城（鶴ヶ城）","城・城跡","37.4878198","139.9296657","対象","DEM10B","221.04912999998814"
"101","仙台城","城・城跡","38.2530776","140.8567093","対象","DEM10B","111.87097479763123"
"102","高知城","城・城跡","33.5608125","133.5314844","対象","DEM10B","31.487765779255284"
"103","松山城（愛媛）","城・城跡","33.8455768","132.7655346","対象","DEM10B","124.70247809332439"
"104","佐賀城","城・城跡","33.2453424","130.3025805","対象","DEM10B","5.18847307538199"
"105","鳥取城跡","城・城跡","35.5102686","134.2409327","対象","DEM10B","261.3433458821803"
"106","小田原城","城・城跡","35.2509493","139.1535136","対象","DEM10B","30.205045104764455"
"107","盛岡城跡","城・城跡","39.6999975","141.150821","対象","DEM10B","131.54770274999447"
"108","山形城跡","城・城跡","38.2555275","140.3277697","対象","DEM10B","130.37524998010142"
"109","二本松城跡","城・城跡","37.5998901","140.4282405","対象","DEM10B","340.44938775159784"
"110","水戸城跡","城・城跡","36.3742982","140.4807827","対象","DEM10B","12.236710000022162"
"111","甲府城跡","城・城跡","35.6653429","138.5713936","対象","DEM10B","269.7"
"112","上田城","城・城跡","36.4035624","138.2459171","対象","DEM10B","450.4838311310713"
"113","金沢城","城・城跡","36.5659609","136.6596084","対象","DEM10B","49.23399155229735"
"114","丸岡城","城・城跡","36.1523454","136.2721028","対象","DEM10B","20.225877588283417"
"115","二条城","城・城跡","35.0140379","135.7484258","対象","DEM10B","40.78411005053497"
"116","江戸城（皇居）","城・城跡","35.6883712","139.7544177","対象","DEM10B","26.913971455135464"
"117","明石城","城・城跡","34.6523517","134.9910952","対象","DEM10B","19.89235984663909"
"118","津山城","城・城跡","35.0624558","134.0050044","対象","DEM10B","135.13005031451354"
"119","松江城","城・城跡","35.4751335","133.0506783","対象","DEM10B","25.18215025077018"
"120","徳島城跡","城・城跡","34.0754535","134.5548774","対象","DEM10B","60.58588918508581"
"121","高松城","城・城跡","34.3503157","134.0516188","対象","DEM10B","0.5976381917010734"
"122","今治城","城・城跡","34.0633885","133.0067548","対象","DEM10B","1.2002472187072943"
"123","大分府内城跡","城・城跡","33.2405347","131.6115895","対象","DEM10B","3.5"
"124","飫肥城跡","城・城跡","31.6286225","131.3504805","対象","DEM10B","42.94597636511299"
"125","首里城","城・城跡","26.2170449","127.7194833","対象","DEM10B","121.96424804080026"
"126","新発田城跡","城・城跡","37.9547806","139.3260148","対象","DEM10B","10.561031286712112"
"127","駿府城","城・城跡","34.9789981","138.3831214","対象","DEM10B","24"
"128","岐阜城","城・城跡","35.433918","136.7820713","対象","DEM10B","323.3765568820824"
"129","岡山城","城・城跡","34.6651878","133.9360657","対象","DEM10B","4.9091641840751725"
"130","福山城","城・城跡","34.4911358","133.3610764","対象","DEM10B","20.555574023603274"
"131","宇和島城","城・城跡","33.2194492","132.565284","対象","DEM10B","71.82216305683951"
"132","大洲城","城・城跡","33.5095497","132.5413122","対象","DEM10B","41.729052489143875"
"133","備中松山城","城・城跡","34.8090559","133.6219108","対象","DEM10B","422.7123349851257"
"134","米沢城跡","城・城跡","37.9092742","140.1050564","対象","DEM10B","249.9"
"135","白石城","城・城跡","38.0025762","140.6170999","対象","DEM10B","71.10549996290152"
"136","米子城跡","城・城跡","35.42503","133.3243969","対象","DEM10B","90.1082071143656"
"137","唐津城","城・城跡","33.4534129","129.9782295","対象","DEM10B","61.053869378569736"
"138","平戸城","城・城跡","33.3685455","129.5575561","対象","DEM10B","43.30061577141873"
"139","島原城","城・城跡","32.7892283","130.3673433","対象","DEM10B","17.28894961250827"
"140","浜松城","城・城跡","34.7117753","137.7249058","対象","DEM10B","40.75792784541917"
"141","川越城","城・城跡","35.9243955","139.4916826","対象","DEM10B","16.092343890235416"
"142","忍城","城・城跡","36.1377914","139.4539912","対象","DEM10B","20"
"143","苗木城跡","城・城跡","35.5130797","137.4851424","対象","DEM10B","427.70056520686364"
"144","掛川城","城・城跡","34.7752055","138.0139033","対象","DEM10B","48.31095910453892"
"145","岡崎城","城・城跡","34.956343","137.1587937","対象","DEM10B","20.064329999990743"
"146","郡上八幡城","城・城跡","35.7530576","136.9614524","対象","DEM10B","330.9473295641114"
"147","越前大野城","城・城跡","35.9865864","136.4830622","対象","DEM10B","245.77022946939186"
"148","田丸城跡","城・城跡","34.4903853","136.6282048","対象","DEM10B","45.710629619158496"
"149","岩村城跡","城・城跡","35.3599583","137.4513221","対象","DEM10B","711.414256040194"
"150","富山城","城・城跡","36.6927004","137.2116148","対象","DEM10B","9.4"
"151","伊賀上野城","城・城跡","34.7701586","136.1270173","対象","DEM10B","155.38524949198353"
"152","久保田城跡","城・城跡","39.7218144","140.1236925","対象","DEM10B","30.37271863301814"
"153","横手城","城・城跡","39.321113","140.5692419","対象","DEM10B","120.30109802532772"
"154","三春城跡","城・城跡","37.4425528","140.4964017","対象","DEM10B","404.452087500709"
"155","大和郡山城","城・城跡","34.651744","135.7791513","対象","DEM10B","67.53135707711816"
"156","白河小峰城","城・城跡","37.1324067","140.2136919","対象","DEM10B","370.2685098933992"
"157","下田城跡","城・城跡","34.6694765","138.9456857","対象","DEM10B","56.29368005871825"
"158","八王子城跡","城・城跡","35.652617","139.2565145","対象","DEM10B","267.1997528081768"
"159","小牧山城跡","城・城跡","35.2926251","136.9135084","対象","DEM10B","84.78069761672512"
"160","大垣城","城・城跡","35.3619739","136.6160549","対象","DEM10B","6"
"161","出石城跡","城・城跡","35.460507","134.8746153","対象","DEM5A","26.453802582729203"
"162","竹田城跡","城・城跡","35.3004745","134.8290454","対象","DEM10B","351.6227627244044"
"163","福知山城","城・城跡","35.2969394","135.1301466","対象","DEM10B","17.276880062562146"
"164","三原城跡","城・城跡","34.4012464","133.0826314","対象","DEM10B","6.283916091582378"
"165","能島城跡","城・城跡","34.1830584","133.0808724","対象","DEM10B","17.881675961736285"
"166","沼田城跡","城・城跡","36.6484772","139.0400462","対象","DEM10B","410.89698796728277"
"167","新田金山城跡","城・城跡","36.3169465","139.3778298","対象","DEM10B","223.98503041184472"
"168","佐倉城跡","城・城跡","35.7223254","140.2159635","対象","DEM10B","36.28194052231533"
"169","唐沢山城跡","城・城跡","36.3538304","139.6007674","対象","DEM10B","240.4470130571783"
"170","吉田城","城・城跡","34.7707281","137.3929656","対象","DEM10B","10.492589626892117"
"171","岸和田城","城・城跡","34.4587603","135.3707856","対象","DEM10B","7.594532476690113"
"172","高天神城跡","城・城跡","34.6982615","138.0355713","対象","DEM10B","107.76503742729709"
"173","福岡城跡","城・城跡","33.5852452","130.3832159","対象","DEM10B","12.816601851436765"
"174","月山富田城跡","城・城跡","35.3608051","133.1852653","対象","DEM10B","174.94575268635663"
"175","人吉城跡","城・城跡","32.2111674","130.766571","対象","DEM10B","141.22546833241285"
"176","鹿児島城跡（鶴丸城）","城・城跡","31.5988687","130.5547801","対象","DEM10B","14.44405943561476"
"177","今帰仁城跡","城・城跡","26.6912793","127.9290226","対象","DEM10B","86.67784936578"
"178","中城城跡","城・城跡","26.2835007","127.7996708","対象","DEM10B","150.23503905840747"
"179","銀山城跡","城・城跡","34.4562461","132.4486889","対象","DEM10B","410.0385401962295"
"180","知覧城跡","城・城跡","31.3675377","130.4435528","対象","DEM10B","174.3989348543733"
"181","延岡城跡","城・城跡","32.5806186","131.6629458","対象","DEM10B","49.614602947396754"
"182","藤橋城（西美濃プラネタリウム）","城・城跡","35.6381765","136.4872013","対象","DEM10B","223.20196924104047"
"183","熱海城","城・城跡","35.086391","139.078634","対象","DEM10B","126.123852517944"
"184","墨俣一夜城","城・城跡","35.3670657","136.6877444","対象","DEM10B","6.807307697721796"
"185","萩城跡","城・城跡","34.4186854","131.3833634","対象","DEM10B","7.7217232613149935"
"186","鉢形城跡","城・城跡","36.1095699","139.1953427","対象","DEM10B","103.57547437844292"
"187","丹波篠山城跡","城・城跡","35.0734169","135.2174914","対象","DEM10B","203.12521026430002"
"188","岩槻城跡","城・城跡","35.9514233","139.7099136","対象","DEM10B","10"
"189","杉山城跡","城・城跡","36.0625117","139.3121643","対象","DEM10B","91.47838644345971"
"190","清州城天主閣（模擬天守）","城・城跡","35.2165651","136.8435922","対象","DEM10B","4.17300800247128"
"191","清洲古城跡公園（史跡・本来の城跡）","城・城跡","35.2179925","136.8414341","対象","DEM10B","4.816060115238514"
"192","津城跡","城・城跡","34.7177802","136.5074896","対象","DEM10B","2.5093599999876233"
"193","東京ディズニーランド","テーマパーク","35.6328964","139.8803943","対象","DEM10B","8.700000000000001"
"194","東京ディズニーシー","テーマパーク","35.6267108","139.8850779","対象","DEM10B","10.6"
"195","ユニバーサル・スタジオ・ジャパン","テーマパーク","34.6656768","135.4323185","対象","DEM10B","0.5"
"196","富士急ハイランド","テーマパーク","35.4869467","138.7805511","対象","DEM10B","837.2479201409868"
"197","ハウステンボス","テーマパーク","33.0897198","129.7918921","対象","DEM10B","5.445957132337576"
"198","ナガシマスパーランド","テーマパーク","35.0275865","136.7273744","対象","DEM10B","0"
"199","レゴランド・ジャパン","テーマパーク","35.0506065","136.8438293","対象","DEM10B","6.5965206383954165"
"200","横浜コスモワールド","テーマパーク","35.4551474","139.6369763","対象","DEM10B","0.6286699999877555"
"201","東武動物公園","テーマパーク","36.0206404","139.7141178","対象","DEM10B","8.9"
"202","サンリオピューロランド","テーマパーク","35.624512","139.429293","対象","DEM10B","96.04999995428074"
"203","志摩スペイン村","テーマパーク","34.3620576","136.8444395","対象","DEM10B","25.842544207774587"
"204","よみうりランド","テーマパーク","35.6242582","139.5173965","対象","DEM10B","101.13544117515835"
"205","ひらかたパーク","テーマパーク","34.8059896","135.6392002","対象","DEM10B","31.18949295197393"
"206","あべのハルカス","建物","34.6460706","135.5134771","対象","DEM10B","15.117819437275697"
"207","横浜ランドマークタワー","建物","35.454954","139.6313859","対象","DEM10B","0.8940901621673675"
"208","東京ミッドタウン・タワー","建物","35.6659803","139.7308747","対象","DEM10B","30.042514306216063"
"209","ミッドランドスクエア","建物","35.1700094","136.885186","対象","DEM10B","2"
"210","東京都庁第一本庁舎","建物","35.6894807","139.6916863","対象","DEM10B","37.91175442643241"
"211","サンシャイン60","建物","35.7293992","139.7181562","対象","DEM10B","30.5"
"212","六本木ヒルズ森タワー","建物","35.6607345","139.7292066","対象","DEM10B","30.164060000002063"
"213","新宿パークタワー","建物","35.6854711","139.6908068","対象","DEM10B","40.4"
"214","泉ガーデンタワー","建物","35.6645616","139.7394963","対象","DEM10B","19.89482385750383"
"215","汐留シティセンター","建物","35.6654972","139.7608806","対象","DEM10B","3.8000000000000003"
"216","グラントウキョウ ノースタワー","建物","35.6816113","139.7689686","対象","DEM10B","4.321872849318227"
"217","JPタワー","建物","35.6798453","139.7647288","対象","DEM10B","3"
"218","SOMPO本社ビル","建物","35.692722","139.696111","対象","DEM10B","37.150300206196775"
"219","山王パークタワー","建物","35.6733558","139.7403363","対象","DEM10B","10.819453891733714"
"220","日本橋三井タワー","建物","35.6868816","139.7731096","対象","DEM10B","4.078870894524244"
"221","愛宕グリーンヒルズ MORIタワー","建物","35.6621409","139.7488929","対象","DEM10B","6.204744337453195"
"222","京王プラザホテル（本館）","建物","35.6902544","139.6942516","対象","DEM10B","39.297480215085464"
"223","丸の内ビルディング（丸ビル）","建物","35.6810403","139.7638027","対象","DEM10B","2.9"
"224","梅田スカイビル","建物","34.7052872","135.4896527","対象","DEM10B","0.3"
"225","セルリアンタワー","建物","35.6564093","139.6993541","対象","DEM10B","28.028920459136067"
"226","渋谷ヒカリエ","建物","35.6591239","139.7037298","対象","DEM10B","21.61621817343315"
"227","JRタワー（札幌）","建物","43.0684388","141.3523648","対象","DEM5A","17.026096283441426"
"228","ONE札幌ステーションタワー","建物","43.0716451","141.3532153","対象","DEM5A","15.624579631794347"
"229","仙台トラストタワー","建物","38.2565536","140.8762664","対象","DEM10B","35.14824002359"
"230","エルザタワー55","建物","35.796766","139.7314083","対象","DEM10B","2.5499869589436495"
"231","名古屋ルーセントタワー","建物","35.1748955","136.8811103","対象","DEM10B","1.8"
"232","大名古屋ビルヂング","建物","35.1719951","136.8845283","対象","DEM10B","1.9000000000000001"
"233","シティタワー神戸三宮","建物","34.6967221","135.1980526","対象","DEM10B","16.702329424592897"
"234","高松シンボルタワー","建物","34.352368","134.0470541","対象","DEM10B","0.981446440815485"
"235","シェラトン・グランデ・オーシャンリゾート","建物","31.9590164","131.4701776","対象","DEM10B","11.080320000000848"
"236","センターマークスタワー","建物","33.6638544","130.4164474","対象","DEM10B","1.9189597202456665"
"237","グランクロスタワー広島","建物","34.3956301","132.477365","対象","DEM10B","2.6036743180654"
"238","岐阜シティ・タワー43","建物","35.4107503","136.7541761","対象","DEM10B","11.6"
"239","群馬県庁舎","建物","36.390642","139.0603145","対象","DEM10B","106.92779988737693"
"240","さいたま新都心合同庁舎1号館","建物","35.8922658","139.6332116","対象","DEM10B","10.651220124325793"
"241","千葉セントラルタワー","建物","35.6079202","140.1209697","対象","DEM10B","4.6000000000000005"
"242","D'グラフォート神戸三宮タワー","建物","34.6905802","135.1969777","対象","DEM10B","7.402109786079166"
"243","ドコモ東北ビル","建物","38.2698307","140.8740138","対象","DEM10B","45.93757999999984"
"244","リュークスタワー（那覇）","建物","26.2220519","127.6949431","対象","DEM10B","30.78891969816317"
"245","麻布台ヒルズ森JPタワー","建物","35.6612155","139.740616","対象","DEM10B","20.163750782275198"
"246","大阪府咲洲庁舎","建物","34.6380343","135.4146667","対象","DEM10B","2.1000599999963017"
"247","虎ノ門ヒルズ ステーションタワー","建物","35.6673323","139.7473131","対象","DEM10B","8.01914029759406"
"248","NTTドコモ代々木ビル","建物","35.6844012","139.7030851","対象","DEM10B","36.76233023614459"
"249","渋谷スクランブルスクエア","建物","35.6584638","139.7022621","対象","DEM10B","19.267419759059607"
"250","電通本社ビル","建物","35.6643771","139.762453","対象","DEM10B","4.7"
"251","アクトタワー（浜松）","建物","34.7056871","137.7371968","対象","DEM10B","5.1000000000000005"
"252","恵比寿ガーデンプレイスタワー","建物","35.6421979","139.7134251","対象","DEM10B","29.220592264889348"
"253","JRセントラルタワーズ","建物","35.1718752","136.8822239","対象","DEM10B","1.6"
"254","住友不動産六本木グランドタワー","建物","35.6645869","139.7377776","対象","DEM10B","30.533360292041245"
"255","東京タワー","塔・タワー","35.6585805","139.7454329","対象","DEM10B","20.67015554332356"
"256","東京スカイツリー","塔・タワー","35.7100627","139.8107004","対象","DEM10B","0.8"
"257","中部電力 MIRAI TOWER（名古屋テレビ塔）","塔・タワー","35.1723452","136.908338","対象","DEM10B","12.878688408485372"
"258","通天閣","塔・タワー","34.6524992","135.5063058","対象","DEM10B","3.400181633934108"
"259","さっぽろテレビ塔","塔・タワー","43.0611047","141.3564246","対象","DEM5A","21.959999195439195"
"260","福岡タワー","塔・タワー","33.5932846","130.35151","対象","DEM10B","1.7994473794491224"
"261","別府タワー","塔・タワー","33.2817713","131.5059174","対象","DEM10B","1.8045098856438015"
"262","神戸ポートタワー","塔・タワー","34.6826316","135.1867244","対象","DEM10B","0.20196000000250935"
"263","京都タワー","塔・タワー","34.9875205","135.7592518","対象","DEM10B","30"
"264","千葉ポートタワー","塔・タワー","35.6002484","140.0979386","対象","DEM10B","3.105399821760693"
"265","PLの塔（大平和祈念塔）","塔・タワー","34.502204","135.585921","対象","DEM10B","111.12722077283571"
"266","横浜マリンタワー","塔・タワー","35.443938","139.650941","対象","DEM10B","2.4089002018313863"
"267","五稜郭タワー","塔・タワー","41.79467","140.75402","対象","DEM5A","12.764048246369757"
"268","瀬戸大橋タワー","塔・タワー","34.352194","133.825337","対象","DEM10B","1.3598999999741863"
"269","ツインアーチ138（138タワーパーク）","塔・タワー","35.3577042","136.8090602","対象","DEM10B","15.7513403735922"
"270","岩屋観音（豊橋）","寺社・仏像","34.7311714","137.4266627","対象","DEM10B","71.09852287666737"
"271","三徳山三佛寺 投入堂","寺社・仏像","35.3965661","133.9593861","対象","DEM10B","503.6717998829555"
"272","牛久大仏","寺社・仏像","35.9826885","140.2202548","対象","DEM10B","20.36964993768004"
"273","仙台大観音","寺社・仏像","38.3006506","140.8236853","対象","DEM10B","177.7740105469832"
"274","高野山 金剛峯寺","寺社・仏像","34.214028","135.5840943","対象","DEM10B","824.4620685754973"
"275","羽黒山五重塔（出羽三山）","寺社・仏像","38.7047357","139.967661","対象","DEM10B","145.59117902218318"
"276","会津慈母大観音","寺社・仏像","37.5534047","139.9538613","対象","DEM10B","300.82042231616947"
"277","北海道大観音","寺社・仏像","43.5281276","142.1980184","対象","DEM5A","113.01297100071044"
"278","加賀大観音","寺社・仏像","36.3256867","136.3487974","対象","DEM10B","29.181849627761306"
"279","コスモクロック21","観覧車","35.4554","139.637","対象","DEM10B","0.5500000000004093"
"280","ダイヤと花の大観覧車","観覧車","35.64394","139.85725","対象","DEM10B","6.2679997613741545"
"281","Sky-Boat","観覧車","35.16965","136.90628","対象","DEM10B","11.834999710736419"
"282","HEP FIVE観覧車","観覧車","34.704","135.50009","対象","DEM10B","0.36550011426409257"
"283","Fuji Sky View","観覧車","35.16175","138.61735","対象","DEM10B","56.330003704529716"
"284","アミュラン","観覧車","31.584601","130.542596","対象","DEM10B","5"
