brand,model,container,rawMode,bitDepth,crop,status,width,height,cfa,decoder,notes
Nikon,D750,NEF,Compressed,12,full-frame,VERIFIED_DECODE,6032,4032,RGGB,LibRaw 0.22.2 sensor path,Full finite Bayer plane and D65 matrix present.
Nikon,D750,NEF,Lossless compressed,14,full-frame,VERIFIED_DECODE,6032,4032,RGGB,LibRaw 0.22.2 sensor path,Full finite Bayer plane and D65 matrix present.
Nikon,D800,NEF,Compressed,14,full-frame,VERIFIED_DECODE,7378,4924,RGGB,LibRaw 0.22.2 sensor path,Full finite Bayer plane and D65 matrix present.
Nikon,D800,NEF,Uncompressed,12,full-frame,VERIFIED_DECODE,7378,4924,RGGB,LibRaw 0.22.2 sensor path,Full finite Bayer plane and D65 matrix present.
Nikon,Z 8,NEF,Lossless compressed,14,full-frame,VERIFIED_DECODE,8280,5520,RGGB,LibRaw 0.22.2 sensor path,Modern Z body standard lossless mode; full finite Bayer plane and D65 matrix present.
Nikon,Z 8,NEF,High Efficiency low,HE,full-frame,UNSUPPORTED,,,not unpacked,Rejected by LibRaw 0.22.2,Native status 2/error 4007. Nikon HE/HE* is deliberately not claimed.
Nikon,Z f,NEF,Lossless compressed,14,full-frame,VERIFIED_DECODE,6064,4040,RGGB,LibRaw 0.22.2 sensor path,Work268 Android x86_64 real-file decode; full finite non-negative Bayer sensor plane and D65 matrix present.
Nikon,Z f,NEF,High Efficiency,HE,full-frame,UNSUPPORTED,,,not unpacked,Rejected by LibRaw 0.22.2,Work268 Android x86_64 real-file rejection: native status 2/error 4007. Nikon HE/HE* is deliberately not claimed.
Nikon,Coolpix P7000,NRW,Standard,12,fixed-lens sensor,VERIFIED_DECODE,3664,2742,RGGB,LibRaw 0.22.2 sensor path,NRW factory registration verified with a full finite Bayer plane and D65 matrix.
Nikon,D1,NEF/NRW,standard single-plane Bayer modes,model-dependent,model-dependent,SAMPLE_MISSING,,,2x2 Bayer required,LibRaw 0.22.2 candidate,Listed by bundled LibRaw; app-level full decode is not claimed until a hash-pinned sample passes.
Nikon,D1H,NEF/NRW,standard single-plane Bayer modes,model-dependent,model-dependent,SAMPLE_MISSING,,,2x2 Bayer required,LibRaw 0.22.2 candidate,Listed by bundled LibRaw; app-level full decode is not claimed until a hash-pinned sample passes.
Nikon,D1X,NEF/NRW,standard single-plane Bayer modes,model-dependent,model-dependent,SAMPLE_MISSING,,,2x2 Bayer required,LibRaw 0.22.2 candidate,Listed by bundled LibRaw; app-level full decode is not claimed until a hash-pinned sample passes.
Nikon,D2H,NEF/NRW,standard single-plane Bayer modes,model-dependent,model-dependent,SAMPLE_MISSING,,,2x2 Bayer required,LibRaw 0.22.2 candidate,Listed by bundled LibRaw; app-level full decode is not claimed until a hash-pinned sample passes.
Nikon,D2Hs,NEF/NRW,standard single-plane Bayer modes,model-dependent,model-dependent,SAMPLE_MISSING,,,2x2 Bayer required,LibRaw 0.22.2 candidate,Listed by bundled LibRaw; app-level full decode is not claimed until a hash-pinned sample passes.
Nikon,D2X,NEF/NRW,standard single-plane Bayer modes,model-dependent,model-dependent,SAMPLE_MISSING,,,2x2 Bayer required,LibRaw 0.22.2 candidate,Listed by bundled LibRaw; app-level full decode is not claimed until a hash-pinned sample passes.
Nikon,D2Xs,NEF/NRW,standard single-plane Bayer modes,model-dependent,model-dependent,SAMPLE_MISSING,,,2x2 Bayer required,LibRaw 0.22.2 candidate,Listed by bundled LibRaw; app-level full decode is not claimed until a hash-pinned sample passes.
Nikon,D3,NEF/NRW,standard single-plane Bayer modes,model-dependent,model-dependent,SAMPLE_MISSING,,,2x2 Bayer required,LibRaw 0.22.2 candidate,Listed by bundled LibRaw; app-level full decode is not claimed until a hash-pinned sample passes.
Nikon,D3s,NEF/NRW,standard single-plane Bayer modes,model-dependent,model-dependent,SAMPLE_MISSING,,,2x2 Bayer required,LibRaw 0.22.2 candidate,Listed by bundled LibRaw; app-level full decode is not claimed until a hash-pinned sample passes.
Nikon,D3X,NEF/NRW,standard single-plane Bayer modes,model-dependent,model-dependent,SAMPLE_MISSING,,,2x2 Bayer required,LibRaw 0.22.2 candidate,Listed by bundled LibRaw; app-level full decode is not claimed until a hash-pinned sample passes.
Nikon,D4,NEF/NRW,standard single-plane Bayer modes,model-dependent,model-dependent,SAMPLE_MISSING,,,2x2 Bayer required,LibRaw 0.22.2 candidate,Listed by bundled LibRaw; app-level full decode is not claimed until a hash-pinned sample passes.
Nikon,D4s,NEF/NRW,standard single-plane Bayer modes,model-dependent,model-dependent,SAMPLE_MISSING,,,2x2 Bayer required,LibRaw 0.22.2 candidate,Listed by bundled LibRaw; app-level full decode is not claimed until a hash-pinned sample passes.
Nikon,D40,NEF/NRW,standard single-plane Bayer modes,model-dependent,model-dependent,SAMPLE_MISSING,,,2x2 Bayer required,LibRaw 0.22.2 candidate,Listed by bundled LibRaw; app-level full decode is not claimed until a hash-pinned sample passes.
Nikon,D40X,NEF/NRW,standard single-plane Bayer modes,model-dependent,model-dependent,SAMPLE_MISSING,,,2x2 Bayer required,LibRaw 0.22.2 candidate,Listed by bundled LibRaw; app-level full decode is not claimed until a hash-pinned sample passes.
Nikon,D5,NEF/NRW,standard single-plane Bayer modes,model-dependent,model-dependent,SAMPLE_MISSING,,,2x2 Bayer required,LibRaw 0.22.2 candidate,Listed by bundled LibRaw; app-level full decode is not claimed until a hash-pinned sample passes.
Nikon,D50,NEF/NRW,standard single-plane Bayer modes,model-dependent,model-dependent,SAMPLE_MISSING,,,2x2 Bayer required,LibRaw 0.22.2 candidate,Listed by bundled LibRaw; app-level full decode is not claimed until a hash-pinned sample passes.
Nikon,D6,NEF/NRW,standard single-plane Bayer modes,model-dependent,model-dependent,SAMPLE_MISSING,,,2x2 Bayer required,LibRaw 0.22.2 candidate,Listed by bundled LibRaw; app-level full decode is not claimed until a hash-pinned sample passes.
Nikon,D60,NEF/NRW,standard single-plane Bayer modes,model-dependent,model-dependent,SAMPLE_MISSING,,,2x2 Bayer required,LibRaw 0.22.2 candidate,Listed by bundled LibRaw; app-level full decode is not claimed until a hash-pinned sample passes.
Nikon,D70,NEF/NRW,standard single-plane Bayer modes,model-dependent,model-dependent,SAMPLE_MISSING,,,2x2 Bayer required,LibRaw 0.22.2 candidate,Listed by bundled LibRaw; app-level full decode is not claimed until a hash-pinned sample passes.
Nikon,D70s,NEF/NRW,standard single-plane Bayer modes,model-dependent,model-dependent,SAMPLE_MISSING,,,2x2 Bayer required,LibRaw 0.22.2 candidate,Listed by bundled LibRaw; app-level full decode is not claimed until a hash-pinned sample passes.
Nikon,D80,NEF/NRW,standard single-plane Bayer modes,model-dependent,model-dependent,SAMPLE_MISSING,,,2x2 Bayer required,LibRaw 0.22.2 candidate,Listed by bundled LibRaw; app-level full decode is not claimed until a hash-pinned sample passes.
Nikon,D90,NEF/NRW,standard single-plane Bayer modes,model-dependent,model-dependent,SAMPLE_MISSING,,,2x2 Bayer required,LibRaw 0.22.2 candidate,Listed by bundled LibRaw; app-level full decode is not claimed until a hash-pinned sample passes.
Nikon,D100,NEF/NRW,standard single-plane Bayer modes,model-dependent,model-dependent,SAMPLE_MISSING,,,2x2 Bayer required,LibRaw 0.22.2 candidate,Listed by bundled LibRaw; app-level full decode is not claimed until a hash-pinned sample passes.
Nikon,D200,NEF/NRW,standard single-plane Bayer modes,model-dependent,model-dependent,SAMPLE_MISSING,,,2x2 Bayer required,LibRaw 0.22.2 candidate,Listed by bundled LibRaw; app-level full decode is not claimed until a hash-pinned sample passes.
Nikon,D300,NEF/NRW,standard single-plane Bayer modes,model-dependent,model-dependent,SAMPLE_MISSING,,,2x2 Bayer required,LibRaw 0.22.2 candidate,Listed by bundled LibRaw; app-level full decode is not claimed until a hash-pinned sample passes.
Nikon,D300s,NEF/NRW,standard single-plane Bayer modes,model-dependent,model-dependent,SAMPLE_MISSING,,,2x2 Bayer required,LibRaw 0.22.2 candidate,Listed by bundled LibRaw; app-level full decode is not claimed until a hash-pinned sample passes.
Nikon,D500,NEF/NRW,standard single-plane Bayer modes,model-dependent,model-dependent,SAMPLE_MISSING,,,2x2 Bayer required,LibRaw 0.22.2 candidate,Listed by bundled LibRaw; app-level full decode is not claimed until a hash-pinned sample passes.
Nikon,D600,NEF/NRW,standard single-plane Bayer modes,model-dependent,model-dependent,SAMPLE_MISSING,,,2x2 Bayer required,LibRaw 0.22.2 candidate,Listed by bundled LibRaw; app-level full decode is not claimed until a hash-pinned sample passes.
Nikon,D610,NEF/NRW,standard single-plane Bayer modes,model-dependent,model-dependent,SAMPLE_MISSING,,,2x2 Bayer required,LibRaw 0.22.2 candidate,Listed by bundled LibRaw; app-level full decode is not claimed until a hash-pinned sample passes.
Nikon,D700,NEF/NRW,standard single-plane Bayer modes,model-dependent,model-dependent,SAMPLE_MISSING,,,2x2 Bayer required,LibRaw 0.22.2 candidate,Listed by bundled LibRaw; app-level full decode is not claimed until a hash-pinned sample passes.
Nikon,D780,NEF/NRW,standard single-plane Bayer modes,model-dependent,model-dependent,SAMPLE_MISSING,,,2x2 Bayer required,LibRaw 0.22.2 candidate,Listed by bundled LibRaw; app-level full decode is not claimed until a hash-pinned sample passes.
Nikon,D800E,NEF/NRW,standard single-plane Bayer modes,model-dependent,model-dependent,SAMPLE_MISSING,,,2x2 Bayer required,LibRaw 0.22.2 candidate,Listed by bundled LibRaw; app-level full decode is not claimed until a hash-pinned sample passes.
Nikon,D810,NEF/NRW,standard single-plane Bayer modes,model-dependent,model-dependent,SAMPLE_MISSING,,,2x2 Bayer required,LibRaw 0.22.2 candidate,Listed by bundled LibRaw; app-level full decode is not claimed until a hash-pinned sample passes.
Nikon,D810A,NEF/NRW,standard single-plane Bayer modes,model-dependent,model-dependent,SAMPLE_MISSING,,,2x2 Bayer required,LibRaw 0.22.2 candidate,Listed by bundled LibRaw; app-level full decode is not claimed until a hash-pinned sample passes.
Nikon,D850,NEF/NRW,standard single-plane Bayer modes,model-dependent,model-dependent,SAMPLE_MISSING,,,2x2 Bayer required,LibRaw 0.22.2 candidate,Listed by bundled LibRaw; app-level full decode is not claimed until a hash-pinned sample passes.
Nikon,D3000,NEF/NRW,standard single-plane Bayer modes,model-dependent,model-dependent,SAMPLE_MISSING,,,2x2 Bayer required,LibRaw 0.22.2 candidate,Listed by bundled LibRaw; app-level full decode is not claimed until a hash-pinned sample passes.
Nikon,D3100,NEF/NRW,standard single-plane Bayer modes,model-dependent,model-dependent,SAMPLE_MISSING,,,2x2 Bayer required,LibRaw 0.22.2 candidate,Listed by bundled LibRaw; app-level full decode is not claimed until a hash-pinned sample passes.
Nikon,D3200,NEF/NRW,standard single-plane Bayer modes,model-dependent,model-dependent,SAMPLE_MISSING,,,2x2 Bayer required,LibRaw 0.22.2 candidate,Listed by bundled LibRaw; app-level full decode is not claimed until a hash-pinned sample passes.
Nikon,D3300,NEF/NRW,standard single-plane Bayer modes,model-dependent,model-dependent,SAMPLE_MISSING,,,2x2 Bayer required,LibRaw 0.22.2 candidate,Listed by bundled LibRaw; app-level full decode is not claimed until a hash-pinned sample passes.
Nikon,D3400,NEF/NRW,standard single-plane Bayer modes,model-dependent,model-dependent,SAMPLE_MISSING,,,2x2 Bayer required,LibRaw 0.22.2 candidate,Listed by bundled LibRaw; app-level full decode is not claimed until a hash-pinned sample passes.
Nikon,D3500,NEF/NRW,standard single-plane Bayer modes,model-dependent,model-dependent,SAMPLE_MISSING,,,2x2 Bayer required,LibRaw 0.22.2 candidate,Listed by bundled LibRaw; app-level full decode is not claimed until a hash-pinned sample passes.
Nikon,D5000,NEF/NRW,standard single-plane Bayer modes,model-dependent,model-dependent,SAMPLE_MISSING,,,2x2 Bayer required,LibRaw 0.22.2 candidate,Listed by bundled LibRaw; app-level full decode is not claimed until a hash-pinned sample passes.
Nikon,D5100,NEF/NRW,standard single-plane Bayer modes,model-dependent,model-dependent,SAMPLE_MISSING,,,2x2 Bayer required,LibRaw 0.22.2 candidate,Listed by bundled LibRaw; app-level full decode is not claimed until a hash-pinned sample passes.
Nikon,D5200,NEF/NRW,standard single-plane Bayer modes,model-dependent,model-dependent,SAMPLE_MISSING,,,2x2 Bayer required,LibRaw 0.22.2 candidate,Listed by bundled LibRaw; app-level full decode is not claimed until a hash-pinned sample passes.
Nikon,D5300,NEF/NRW,standard single-plane Bayer modes,model-dependent,model-dependent,SAMPLE_MISSING,,,2x2 Bayer required,LibRaw 0.22.2 candidate,Listed by bundled LibRaw; app-level full decode is not claimed until a hash-pinned sample passes.
Nikon,D5500,NEF/NRW,standard single-plane Bayer modes,model-dependent,model-dependent,SAMPLE_MISSING,,,2x2 Bayer required,LibRaw 0.22.2 candidate,Listed by bundled LibRaw; app-level full decode is not claimed until a hash-pinned sample passes.
Nikon,D5600,NEF/NRW,standard single-plane Bayer modes,model-dependent,model-dependent,SAMPLE_MISSING,,,2x2 Bayer required,LibRaw 0.22.2 candidate,Listed by bundled LibRaw; app-level full decode is not claimed until a hash-pinned sample passes.
Nikon,D7000,NEF/NRW,standard single-plane Bayer modes,model-dependent,model-dependent,SAMPLE_MISSING,,,2x2 Bayer required,LibRaw 0.22.2 candidate,Listed by bundled LibRaw; app-level full decode is not claimed until a hash-pinned sample passes.
Nikon,D7100,NEF/NRW,standard single-plane Bayer modes,model-dependent,model-dependent,SAMPLE_MISSING,,,2x2 Bayer required,LibRaw 0.22.2 candidate,Listed by bundled LibRaw; app-level full decode is not claimed until a hash-pinned sample passes.
Nikon,D7200,NEF/NRW,standard single-plane Bayer modes,model-dependent,model-dependent,SAMPLE_MISSING,,,2x2 Bayer required,LibRaw 0.22.2 candidate,Listed by bundled LibRaw; app-level full decode is not claimed until a hash-pinned sample passes.
Nikon,D7500,NEF/NRW,standard single-plane Bayer modes,model-dependent,model-dependent,SAMPLE_MISSING,,,2x2 Bayer required,LibRaw 0.22.2 candidate,Listed by bundled LibRaw; app-level full decode is not claimed until a hash-pinned sample passes.
Nikon,Df,NEF/NRW,standard single-plane Bayer modes,model-dependent,model-dependent,SAMPLE_MISSING,,,2x2 Bayer required,LibRaw 0.22.2 candidate,Listed by bundled LibRaw; app-level full decode is not claimed until a hash-pinned sample passes.
Nikon,Z 5,NEF/NRW,standard single-plane Bayer modes,model-dependent,model-dependent,SAMPLE_MISSING,,,2x2 Bayer required,LibRaw 0.22.2 candidate,Listed by bundled LibRaw; app-level full decode is not claimed until a hash-pinned sample passes.
Nikon,Z 6,NEF/NRW,standard single-plane Bayer modes,model-dependent,model-dependent,SAMPLE_MISSING,,,2x2 Bayer required,LibRaw 0.22.2 candidate,Listed by bundled LibRaw; app-level full decode is not claimed until a hash-pinned sample passes.
Nikon,Z 6 II,NEF/NRW,standard single-plane Bayer modes,model-dependent,model-dependent,SAMPLE_MISSING,,,2x2 Bayer required,LibRaw 0.22.2 candidate,Listed by bundled LibRaw; app-level full decode is not claimed until a hash-pinned sample passes.
Nikon,Z 6 III,NEF/NRW,standard single-plane Bayer modes,model-dependent,model-dependent,SAMPLE_MISSING,,,2x2 Bayer required,LibRaw 0.22.2 candidate,Listed by bundled LibRaw; app-level full decode is not claimed until a hash-pinned sample passes.
Nikon,Z 7,NEF/NRW,standard single-plane Bayer modes,model-dependent,model-dependent,SAMPLE_MISSING,,,2x2 Bayer required,LibRaw 0.22.2 candidate,Listed by bundled LibRaw; app-level full decode is not claimed until a hash-pinned sample passes.
Nikon,Z 7 II,NEF/NRW,standard single-plane Bayer modes,model-dependent,model-dependent,SAMPLE_MISSING,,,2x2 Bayer required,LibRaw 0.22.2 candidate,Listed by bundled LibRaw; app-level full decode is not claimed until a hash-pinned sample passes.
Nikon,Z 9,NEF/NRW,standard single-plane Bayer modes,model-dependent,model-dependent,SAMPLE_MISSING,,,2x2 Bayer required,LibRaw 0.22.2 candidate,Listed by bundled LibRaw; app-level full decode is not claimed until a hash-pinned sample passes.
Nikon,Z 30,NEF/NRW,standard single-plane Bayer modes,model-dependent,model-dependent,SAMPLE_MISSING,,,2x2 Bayer required,LibRaw 0.22.2 candidate,Listed by bundled LibRaw; app-level full decode is not claimed until a hash-pinned sample passes.
Nikon,Z 50,NEF/NRW,standard single-plane Bayer modes,model-dependent,model-dependent,SAMPLE_MISSING,,,2x2 Bayer required,LibRaw 0.22.2 candidate,Listed by bundled LibRaw; app-level full decode is not claimed until a hash-pinned sample passes.
Nikon,Z fc,NEF/NRW,standard single-plane Bayer modes,model-dependent,model-dependent,SAMPLE_MISSING,,,2x2 Bayer required,LibRaw 0.22.2 candidate,Listed by bundled LibRaw; app-level full decode is not claimed until a hash-pinned sample passes.
Nikon,1 AW1,NEF/NRW,standard single-plane Bayer modes,model-dependent,model-dependent,SAMPLE_MISSING,,,2x2 Bayer required,LibRaw 0.22.2 candidate,Listed by bundled LibRaw; app-level full decode is not claimed until a hash-pinned sample passes.
Nikon,1 J1,NEF/NRW,standard single-plane Bayer modes,model-dependent,model-dependent,SAMPLE_MISSING,,,2x2 Bayer required,LibRaw 0.22.2 candidate,Listed by bundled LibRaw; app-level full decode is not claimed until a hash-pinned sample passes.
Nikon,1 J2,NEF/NRW,standard single-plane Bayer modes,model-dependent,model-dependent,SAMPLE_MISSING,,,2x2 Bayer required,LibRaw 0.22.2 candidate,Listed by bundled LibRaw; app-level full decode is not claimed until a hash-pinned sample passes.
Nikon,1 J3,NEF/NRW,standard single-plane Bayer modes,model-dependent,model-dependent,SAMPLE_MISSING,,,2x2 Bayer required,LibRaw 0.22.2 candidate,Listed by bundled LibRaw; app-level full decode is not claimed until a hash-pinned sample passes.
Nikon,1 J4,NEF/NRW,standard single-plane Bayer modes,model-dependent,model-dependent,SAMPLE_MISSING,,,2x2 Bayer required,LibRaw 0.22.2 candidate,Listed by bundled LibRaw; app-level full decode is not claimed until a hash-pinned sample passes.
Nikon,1 J5,NEF/NRW,standard single-plane Bayer modes,model-dependent,model-dependent,SAMPLE_MISSING,,,2x2 Bayer required,LibRaw 0.22.2 candidate,Listed by bundled LibRaw; app-level full decode is not claimed until a hash-pinned sample passes.
Nikon,1 S1,NEF/NRW,standard single-plane Bayer modes,model-dependent,model-dependent,SAMPLE_MISSING,,,2x2 Bayer required,LibRaw 0.22.2 candidate,Listed by bundled LibRaw; app-level full decode is not claimed until a hash-pinned sample passes.
Nikon,1 S2,NEF/NRW,standard single-plane Bayer modes,model-dependent,model-dependent,SAMPLE_MISSING,,,2x2 Bayer required,LibRaw 0.22.2 candidate,Listed by bundled LibRaw; app-level full decode is not claimed until a hash-pinned sample passes.
Nikon,1 V1,NEF/NRW,standard single-plane Bayer modes,model-dependent,model-dependent,SAMPLE_MISSING,,,2x2 Bayer required,LibRaw 0.22.2 candidate,Listed by bundled LibRaw; app-level full decode is not claimed until a hash-pinned sample passes.
Nikon,1 V2,NEF/NRW,standard single-plane Bayer modes,model-dependent,model-dependent,SAMPLE_MISSING,,,2x2 Bayer required,LibRaw 0.22.2 candidate,Listed by bundled LibRaw; app-level full decode is not claimed until a hash-pinned sample passes.
Nikon,1 V3,NEF/NRW,standard single-plane Bayer modes,model-dependent,model-dependent,SAMPLE_MISSING,,,2x2 Bayer required,LibRaw 0.22.2 candidate,Listed by bundled LibRaw; app-level full decode is not claimed until a hash-pinned sample passes.
Nikon,Coolpix 700 (\,NEF/NRW,standard single-plane Bayer modes,model-dependent,model-dependent,SAMPLE_MISSING,,,2x2 Bayer required,LibRaw 0.22.2 candidate,Listed by bundled LibRaw; app-level full decode is not claimed until a hash-pinned sample passes.
Nikon,Coolpix 800 (\,NEF/NRW,standard single-plane Bayer modes,model-dependent,model-dependent,SAMPLE_MISSING,,,2x2 Bayer required,LibRaw 0.22.2 candidate,Listed by bundled LibRaw; app-level full decode is not claimed until a hash-pinned sample passes.
Nikon,Coolpix 880 (\,NEF/NRW,standard single-plane Bayer modes,model-dependent,model-dependent,SAMPLE_MISSING,,,2x2 Bayer required,LibRaw 0.22.2 candidate,Listed by bundled LibRaw; app-level full decode is not claimed until a hash-pinned sample passes.
Nikon,Coolpix 900 (\,NEF/NRW,standard single-plane Bayer modes,model-dependent,model-dependent,SAMPLE_MISSING,,,2x2 Bayer required,LibRaw 0.22.2 candidate,Listed by bundled LibRaw; app-level full decode is not claimed until a hash-pinned sample passes.
Nikon,Coolpix 950 (\,NEF/NRW,standard single-plane Bayer modes,model-dependent,model-dependent,SAMPLE_MISSING,,,2x2 Bayer required,LibRaw 0.22.2 candidate,Listed by bundled LibRaw; app-level full decode is not claimed until a hash-pinned sample passes.
Nikon,Coolpix 990 (\,NEF/NRW,standard single-plane Bayer modes,model-dependent,model-dependent,SAMPLE_MISSING,,,2x2 Bayer required,LibRaw 0.22.2 candidate,Listed by bundled LibRaw; app-level full decode is not claimed until a hash-pinned sample passes.
Nikon,Coolpix 995 (\,NEF/NRW,standard single-plane Bayer modes,model-dependent,model-dependent,SAMPLE_MISSING,,,2x2 Bayer required,LibRaw 0.22.2 candidate,Listed by bundled LibRaw; app-level full decode is not claimed until a hash-pinned sample passes.
Nikon,Coolpix 2100 (\,NEF/NRW,standard single-plane Bayer modes,model-dependent,model-dependent,SAMPLE_MISSING,,,2x2 Bayer required,LibRaw 0.22.2 candidate,Listed by bundled LibRaw; app-level full decode is not claimed until a hash-pinned sample passes.
Nikon,Coolpix 2500 (\,NEF/NRW,standard single-plane Bayer modes,model-dependent,model-dependent,SAMPLE_MISSING,,,2x2 Bayer required,LibRaw 0.22.2 candidate,Listed by bundled LibRaw; app-level full decode is not claimed until a hash-pinned sample passes.
Nikon,Coolpix 3200 (\,NEF/NRW,standard single-plane Bayer modes,model-dependent,model-dependent,SAMPLE_MISSING,,,2x2 Bayer required,LibRaw 0.22.2 candidate,Listed by bundled LibRaw; app-level full decode is not claimed until a hash-pinned sample passes.
Nikon,Coolpix 3700 (\,NEF/NRW,standard single-plane Bayer modes,model-dependent,model-dependent,SAMPLE_MISSING,,,2x2 Bayer required,LibRaw 0.22.2 candidate,Listed by bundled LibRaw; app-level full decode is not claimed until a hash-pinned sample passes.
Nikon,Coolpix 4300 (\,NEF/NRW,standard single-plane Bayer modes,model-dependent,model-dependent,SAMPLE_MISSING,,,2x2 Bayer required,LibRaw 0.22.2 candidate,Listed by bundled LibRaw; app-level full decode is not claimed until a hash-pinned sample passes.
Nikon,Coolpix 4500 (\,NEF/NRW,standard single-plane Bayer modes,model-dependent,model-dependent,SAMPLE_MISSING,,,2x2 Bayer required,LibRaw 0.22.2 candidate,Listed by bundled LibRaw; app-level full decode is not claimed until a hash-pinned sample passes.
Nikon,Coolpix 5000,NEF/NRW,standard single-plane Bayer modes,model-dependent,model-dependent,SAMPLE_MISSING,,,2x2 Bayer required,LibRaw 0.22.2 candidate,Listed by bundled LibRaw; app-level full decode is not claimed until a hash-pinned sample passes.
Nikon,Coolpix 5400,NEF/NRW,standard single-plane Bayer modes,model-dependent,model-dependent,SAMPLE_MISSING,,,2x2 Bayer required,LibRaw 0.22.2 candidate,Listed by bundled LibRaw; app-level full decode is not claimed until a hash-pinned sample passes.
Nikon,Coolpix 5700,NEF/NRW,standard single-plane Bayer modes,model-dependent,model-dependent,SAMPLE_MISSING,,,2x2 Bayer required,LibRaw 0.22.2 candidate,Listed by bundled LibRaw; app-level full decode is not claimed until a hash-pinned sample passes.
Nikon,Coolpix 8400,NEF/NRW,standard single-plane Bayer modes,model-dependent,model-dependent,SAMPLE_MISSING,,,2x2 Bayer required,LibRaw 0.22.2 candidate,Listed by bundled LibRaw; app-level full decode is not claimed until a hash-pinned sample passes.
Nikon,Coolpix 8700,NEF/NRW,standard single-plane Bayer modes,model-dependent,model-dependent,SAMPLE_MISSING,,,2x2 Bayer required,LibRaw 0.22.2 candidate,Listed by bundled LibRaw; app-level full decode is not claimed until a hash-pinned sample passes.
Nikon,Coolpix 8800,NEF/NRW,standard single-plane Bayer modes,model-dependent,model-dependent,SAMPLE_MISSING,,,2x2 Bayer required,LibRaw 0.22.2 candidate,Listed by bundled LibRaw; app-level full decode is not claimed until a hash-pinned sample passes.
Nikon,Coolpix A,NEF/NRW,standard single-plane Bayer modes,model-dependent,model-dependent,SAMPLE_MISSING,,,2x2 Bayer required,LibRaw 0.22.2 candidate,Listed by bundled LibRaw; app-level full decode is not claimed until a hash-pinned sample passes.
Nikon,Coolpix A1000,NEF/NRW,standard single-plane Bayer modes,model-dependent,model-dependent,SAMPLE_MISSING,,,2x2 Bayer required,LibRaw 0.22.2 candidate,Listed by bundled LibRaw; app-level full decode is not claimed until a hash-pinned sample passes.
Nikon,Coolpix B700,NEF/NRW,standard single-plane Bayer modes,model-dependent,model-dependent,SAMPLE_MISSING,,,2x2 Bayer required,LibRaw 0.22.2 candidate,Listed by bundled LibRaw; app-level full decode is not claimed until a hash-pinned sample passes.
Nikon,Coolpix P330,NEF/NRW,standard single-plane Bayer modes,model-dependent,model-dependent,SAMPLE_MISSING,,,2x2 Bayer required,LibRaw 0.22.2 candidate,Listed by bundled LibRaw; app-level full decode is not claimed until a hash-pinned sample passes.
Nikon,Coolpix P340,NEF/NRW,standard single-plane Bayer modes,model-dependent,model-dependent,SAMPLE_MISSING,,,2x2 Bayer required,LibRaw 0.22.2 candidate,Listed by bundled LibRaw; app-level full decode is not claimed until a hash-pinned sample passes.
Nikon,Coolpix P950,NEF/NRW,standard single-plane Bayer modes,model-dependent,model-dependent,SAMPLE_MISSING,,,2x2 Bayer required,LibRaw 0.22.2 candidate,Listed by bundled LibRaw; app-level full decode is not claimed until a hash-pinned sample passes.
Nikon,Coolpix P6000,NEF/NRW,standard single-plane Bayer modes,model-dependent,model-dependent,SAMPLE_MISSING,,,2x2 Bayer required,LibRaw 0.22.2 candidate,Listed by bundled LibRaw; app-level full decode is not claimed until a hash-pinned sample passes.
Nikon,Coolpix P1000,NEF/NRW,standard single-plane Bayer modes,model-dependent,model-dependent,SAMPLE_MISSING,,,2x2 Bayer required,LibRaw 0.22.2 candidate,Listed by bundled LibRaw; app-level full decode is not claimed until a hash-pinned sample passes.
Nikon,Coolpix P7100,NEF/NRW,standard single-plane Bayer modes,model-dependent,model-dependent,SAMPLE_MISSING,,,2x2 Bayer required,LibRaw 0.22.2 candidate,Listed by bundled LibRaw; app-level full decode is not claimed until a hash-pinned sample passes.
Nikon,Coolpix P7700,NEF/NRW,standard single-plane Bayer modes,model-dependent,model-dependent,SAMPLE_MISSING,,,2x2 Bayer required,LibRaw 0.22.2 candidate,Listed by bundled LibRaw; app-level full decode is not claimed until a hash-pinned sample passes.
Nikon,Coolpix P7800,NEF/NRW,standard single-plane Bayer modes,model-dependent,model-dependent,SAMPLE_MISSING,,,2x2 Bayer required,LibRaw 0.22.2 candidate,Listed by bundled LibRaw; app-level full decode is not claimed until a hash-pinned sample passes.
Nikon,Coolpix S6 (\,NEF/NRW,standard single-plane Bayer modes,model-dependent,model-dependent,SAMPLE_MISSING,,,2x2 Bayer required,LibRaw 0.22.2 candidate,Listed by bundled LibRaw; app-level full decode is not claimed until a hash-pinned sample passes.
Nikon,Coolscan NEF,NEF/NRW,standard single-plane Bayer modes,model-dependent,model-dependent,SAMPLE_MISSING,,,2x2 Bayer required,LibRaw 0.22.2 candidate,Listed by bundled LibRaw; app-level full decode is not claimed until a hash-pinned sample passes.
