"id","type","regionCode","regionName","filename","sizeKib","estimatedBytes","date","downloadPath"
"728963","DEM1","hokkaido","北海道","FG-GML-hokkaido-DEM1-20260616-Z001.zip","1961039","2008103936","2026/06/16","/kiban/app/api/download/file/728963"
"728964","DEM1","hokkaido","北海道","FG-GML-hokkaido-DEM1-20260616-Z002.zip","1960321","2007368704","2026/06/16","/kiban/app/api/download/file/728964"
"728965","DEM1","hokkaido","北海道","FG-GML-hokkaido-DEM1-20260616-Z003.zip","2068140","2117775360","2026/06/16","/kiban/app/api/download/file/728965"
"728966","DEM1","hokkaido","北海道","FG-GML-hokkaido-DEM1-20260616-Z004.zip","1946573","1993290752","2026/06/16","/kiban/app/api/download/file/728966"
"728967","DEM1","hokkaido","北海道","FG-GML-hokkaido-DEM1-20260616-Z005.zip","1964524","2011672576","2026/06/16","/kiban/app/api/download/file/728967"
"728968","DEM1","hokkaido","北海道","FG-GML-hokkaido-DEM1-20260616-Z006.zip","1989137","2036876288","2026/06/16","/kiban/app/api/download/file/728968"
"728969","DEM1","hokkaido","北海道","FG-GML-hokkaido-DEM1-20260616-Z007.zip","1917691","1963715584","2026/06/16","/kiban/app/api/download/file/728969"
"728970","DEM1","hokkaido","北海道","FG-GML-hokkaido-DEM1-20260616-Z008.zip","1974727","2022120448","2026/06/16","/kiban/app/api/download/file/728970"
"728971","DEM1","hokkaido","北海道","FG-GML-hokkaido-DEM1-20260616-Z009.zip","1886825","1932108800","2026/06/16","/kiban/app/api/download/file/728971"
"728972","DEM1","hokkaido","北海道","FG-GML-hokkaido-DEM1-20260616-Z010.zip","1893417","1938859008","2026/06/16","/kiban/app/api/download/file/728972"
"728973","DEM1","hokkaido","北海道","FG-GML-hokkaido-DEM1-20260616-Z011.zip","1871739","1916660736","2026/06/16","/kiban/app/api/download/file/728973"
"728974","DEM1","hokkaido","北海道","FG-GML-hokkaido-DEM1-20260616-Z012.zip","2004216","2052317184","2026/06/16","/kiban/app/api/download/file/728974"
"728975","DEM1","hokkaido","北海道","FG-GML-hokkaido-DEM1-20260616-Z013.zip","2008656","2056863744","2026/06/16","/kiban/app/api/download/file/728975"
"728976","DEM1","hokkaido","北海道","FG-GML-hokkaido-DEM1-20260616-Z014.zip","2045241","2094326784","2026/06/16","/kiban/app/api/download/file/728976"
"728977","DEM1","hokkaido","北海道","FG-GML-hokkaido-DEM1-20260616-Z015.zip","2053524","2102808576","2026/06/16","/kiban/app/api/download/file/728977"
"728978","DEM1","hokkaido","北海道","FG-GML-hokkaido-DEM1-20260616-Z016.zip","2083264","2133262336","2026/06/16","/kiban/app/api/download/file/728978"
"728979","DEM1","hokkaido","北海道","FG-GML-hokkaido-DEM1-20260616-Z017.zip","2005940","2054082560","2026/06/16","/kiban/app/api/download/file/728979"
"728980","DEM1","hokkaido","北海道","FG-GML-hokkaido-DEM1-20260616-Z018.zip","2048122","2097276928","2026/06/16","/kiban/app/api/download/file/728980"
"728981","DEM1","hokkaido","北海道","FG-GML-hokkaido-DEM1-20260616-Z019.zip","1964413","2011558912","2026/06/16","/kiban/app/api/download/file/728981"
"728982","DEM1","hokkaido","北海道","FG-GML-hokkaido-DEM1-20260616-Z020.zip","2034695","2083527680","2026/06/16","/kiban/app/api/download/file/728982"
"728983","DEM1","hokkaido","北海道","FG-GML-hokkaido-DEM1-20260616-Z021.zip","1958456","2005458944","2026/06/16","/kiban/app/api/download/file/728983"
"728984","DEM1","hokkaido","北海道","FG-GML-hokkaido-DEM1-20260616-Z022.zip","2081781","2131743744","2026/06/16","/kiban/app/api/download/file/728984"
"728985","DEM1","hokkaido","北海道","FG-GML-hokkaido-DEM1-20260616-Z023.zip","2013005","2061317120","2026/06/16","/kiban/app/api/download/file/728985"
"728986","DEM1","hokkaido","北海道","FG-GML-hokkaido-DEM1-20260616-Z024.zip","1961561","2008638464","2026/06/16","/kiban/app/api/download/file/728986"
"728987","DEM1","hokkaido","北海道","FG-GML-hokkaido-DEM1-20260616-Z025.zip","2071513","2121229312","2026/06/16","/kiban/app/api/download/file/728987"
"728988","DEM1","hokkaido","北海道","FG-GML-hokkaido-DEM1-20260616-Z026.zip","1894962","1940441088","2026/06/16","/kiban/app/api/download/file/728988"
"728989","DEM1","hokkaido","北海道","FG-GML-hokkaido-DEM1-20260616-Z027.zip","2031351","2080103424","2026/06/16","/kiban/app/api/download/file/728989"
"728990","DEM1","hokkaido","北海道","FG-GML-hokkaido-DEM1-20260616-Z028.zip","2005425","2053555200","2026/06/16","/kiban/app/api/download/file/728990"
"728991","DEM1","hokkaido","北海道","FG-GML-hokkaido-DEM1-20260616-Z029.zip","1999467","2047454208","2026/06/16","/kiban/app/api/download/file/728991"
"728992","DEM1","hokkaido","北海道","FG-GML-hokkaido-DEM1-20260616-Z030.zip","1950221","1997026304","2026/06/16","/kiban/app/api/download/file/728992"
"728993","DEM1","hokkaido","北海道","FG-GML-hokkaido-DEM1-20260616-Z031.zip","1983040","2030632960","2026/06/16","/kiban/app/api/download/file/728993"
"728994","DEM1","hokkaido","北海道","FG-GML-hokkaido-DEM1-20260616-Z032.zip","1963212","2010329088","2026/06/16","/kiban/app/api/download/file/728994"
"728995","DEM1","hokkaido","北海道","FG-GML-hokkaido-DEM1-20260616-Z033.zip","1999742","2047735808","2026/06/16","/kiban/app/api/download/file/728995"
"728996","DEM1","hokkaido","北海道","FG-GML-hokkaido-DEM1-20260616-Z034.zip","1880720","1925857280","2026/06/16","/kiban/app/api/download/file/728996"
"728997","DEM1","hokkaido","北海道","FG-GML-hokkaido-DEM1-20260616-Z035.zip","2073955","2123729920","2026/06/16","/kiban/app/api/download/file/728997"
"728998","DEM1","hokkaido","北海道","FG-GML-hokkaido-DEM1-20260616-Z036.zip","1976845","2024289280","2026/06/16","/kiban/app/api/download/file/728998"
"728999","DEM1","hokkaido","北海道","FG-GML-hokkaido-DEM1-20260616-Z037.zip","1956972","2003939328","2026/06/16","/kiban/app/api/download/file/728999"
"729000","DEM1","hokkaido","北海道","FG-GML-hokkaido-DEM1-20260616-Z038.zip","2001327","2049358848","2026/06/16","/kiban/app/api/download/file/729000"
"729001","DEM1","hokkaido","北海道","FG-GML-hokkaido-DEM1-20260616-Z039.zip","1997878","2045827072","2026/06/16","/kiban/app/api/download/file/729001"
"729002","DEM1","hokkaido","北海道","FG-GML-hokkaido-DEM1-20260616-Z040.zip","1985471","2033122304","2026/06/16","/kiban/app/api/download/file/729002"
"729003","DEM1","hokkaido","北海道","FG-GML-hokkaido-DEM1-20260616-Z041.zip","2046489","2095604736","2026/06/16","/kiban/app/api/download/file/729003"
"729004","DEM1","hokkaido","北海道","FG-GML-hokkaido-DEM1-20260616-Z042.zip","1983895","2031508480","2026/06/16","/kiban/app/api/download/file/729004"
"729005","DEM1","hokkaido","北海道","FG-GML-hokkaido-DEM1-20260616-Z043.zip","2041853","2090857472","2026/06/16","/kiban/app/api/download/file/729005"
"729006","DEM1","hokkaido","北海道","FG-GML-hokkaido-DEM1-20260616-Z044.zip","1947654","1994397696","2026/06/16","/kiban/app/api/download/file/729006"
"729007","DEM1","hokkaido","北海道","FG-GML-hokkaido-DEM1-20260616-Z045.zip","2014621","2062971904","2026/06/16","/kiban/app/api/download/file/729007"
"729008","DEM1","hokkaido","北海道","FG-GML-hokkaido-DEM1-20260616-Z046.zip","2049881","2099078144","2026/06/16","/kiban/app/api/download/file/729008"
"729009","DEM5","hokkaido","北海道","FG-GML-hokkaido-DEM5-20260616-Z001.zip","2066509","2116105216","2026/06/16","/kiban/app/api/download/file/729009"
"729010","DEM5","hokkaido","北海道","FG-GML-hokkaido-DEM5-20260616-Z002.zip","2074334","2124118016","2026/06/16","/kiban/app/api/download/file/729010"
"729011","DEM5","hokkaido","北海道","FG-GML-hokkaido-DEM5-20260616-Z003.zip","1598161","1636516864","2026/06/16","/kiban/app/api/download/file/729011"
"547975","DEM10","hokkaido","北海道","FG-GML-hokkaido-DEM10-20161001-Z001.zip","1496170","1532078080","2016/10/01","/kiban/app/api/download/file/547975"
"729137","DEM1","tohoku","東北","FG-GML-tohoku-DEM1-20260616-Z001.zip","2050238","2099443712","2026/06/16","/kiban/app/api/download/file/729137"
"729138","DEM1","tohoku","東北","FG-GML-tohoku-DEM1-20260616-Z002.zip","1968086","2015320064","2026/06/16","/kiban/app/api/download/file/729138"
"729139","DEM1","tohoku","東北","FG-GML-tohoku-DEM1-20260616-Z003.zip","1945040","1991720960","2026/06/16","/kiban/app/api/download/file/729139"
"729140","DEM1","tohoku","東北","FG-GML-tohoku-DEM1-20260616-Z004.zip","1972505","2019845120","2026/06/16","/kiban/app/api/download/file/729140"
"729141","DEM1","tohoku","東北","FG-GML-tohoku-DEM1-20260616-Z005.zip","2000291","2048297984","2026/06/16","/kiban/app/api/download/file/729141"
"729142","DEM1","tohoku","東北","FG-GML-tohoku-DEM1-20260616-Z006.zip","1910239","1956084736","2026/06/16","/kiban/app/api/download/file/729142"
"729143","DEM1","tohoku","東北","FG-GML-tohoku-DEM1-20260616-Z007.zip","1993064","2040897536","2026/06/16","/kiban/app/api/download/file/729143"
"729144","DEM1","tohoku","東北","FG-GML-tohoku-DEM1-20260616-Z008.zip","2023596","2072162304","2026/06/16","/kiban/app/api/download/file/729144"
"729145","DEM1","tohoku","東北","FG-GML-tohoku-DEM1-20260616-Z009.zip","2026311","2074942464","2026/06/16","/kiban/app/api/download/file/729145"
"729146","DEM1","tohoku","東北","FG-GML-tohoku-DEM1-20260616-Z010.zip","1928137","1974412288","2026/06/16","/kiban/app/api/download/file/729146"
"729147","DEM1","tohoku","東北","FG-GML-tohoku-DEM1-20260616-Z011.zip","2024401","2072986624","2026/06/16","/kiban/app/api/download/file/729147"
"729148","DEM1","tohoku","東北","FG-GML-tohoku-DEM1-20260616-Z012.zip","2068261","2117899264","2026/06/16","/kiban/app/api/download/file/729148"
"729149","DEM1","tohoku","東北","FG-GML-tohoku-DEM1-20260616-Z013.zip","1968539","2015783936","2026/06/16","/kiban/app/api/download/file/729149"
"729150","DEM1","tohoku","東北","FG-GML-tohoku-DEM1-20260616-Z014.zip","2016095","2064481280","2026/06/16","/kiban/app/api/download/file/729150"
"729151","DEM1","tohoku","東北","FG-GML-tohoku-DEM1-20260616-Z015.zip","1924518","1970706432","2026/06/16","/kiban/app/api/download/file/729151"
"729152","DEM1","tohoku","東北","FG-GML-tohoku-DEM1-20260616-Z016.zip","2036447","2085321728","2026/06/16","/kiban/app/api/download/file/729152"
"729153","DEM1","tohoku","東北","FG-GML-tohoku-DEM1-20260616-Z017.zip","1989941","2037699584","2026/06/16","/kiban/app/api/download/file/729153"
"729154","DEM1","tohoku","東北","FG-GML-tohoku-DEM1-20260616-Z018.zip","2036349","2085221376","2026/06/16","/kiban/app/api/download/file/729154"
"729155","DEM1","tohoku","東北","FG-GML-tohoku-DEM1-20260616-Z019.zip","1955356","2002284544","2026/06/16","/kiban/app/api/download/file/729155"
"729156","DEM1","tohoku","東北","FG-GML-tohoku-DEM1-20260616-Z020.zip","1966822","2014025728","2026/06/16","/kiban/app/api/download/file/729156"
"729157","DEM1","tohoku","東北","FG-GML-tohoku-DEM1-20260616-Z021.zip","2019454","2067920896","2026/06/16","/kiban/app/api/download/file/729157"
"729158","DEM1","tohoku","東北","FG-GML-tohoku-DEM1-20260616-Z022.zip","2028813","2077504512","2026/06/16","/kiban/app/api/download/file/729158"
"729159","DEM1","tohoku","東北","FG-GML-tohoku-DEM1-20260616-Z023.zip","2057137","2106508288","2026/06/16","/kiban/app/api/download/file/729159"
"729160","DEM1","tohoku","東北","FG-GML-tohoku-DEM1-20260616-Z024.zip","2005943","2054085632","2026/06/16","/kiban/app/api/download/file/729160"
"729161","DEM1","tohoku","東北","FG-GML-tohoku-DEM1-20260616-Z025.zip","2052083","2101332992","2026/06/16","/kiban/app/api/download/file/729161"
"729162","DEM1","tohoku","東北","FG-GML-tohoku-DEM1-20260616-Z026.zip","1959270","2006292480","2026/06/16","/kiban/app/api/download/file/729162"
"729163","DEM1","tohoku","東北","FG-GML-tohoku-DEM1-20260616-Z027.zip","2000966","2048989184","2026/06/16","/kiban/app/api/download/file/729163"
"729164","DEM1","tohoku","東北","FG-GML-tohoku-DEM1-20260616-Z028.zip","2048102","2097256448","2026/06/16","/kiban/app/api/download/file/729164"
"729165","DEM1","tohoku","東北","FG-GML-tohoku-DEM1-20260616-Z029.zip","2023740","2072309760","2026/06/16","/kiban/app/api/download/file/729165"
"729166","DEM1","tohoku","東北","FG-GML-tohoku-DEM1-20260616-Z030.zip","2054165","2103464960","2026/06/16","/kiban/app/api/download/file/729166"
"729167","DEM1","tohoku","東北","FG-GML-tohoku-DEM1-20260616-Z031.zip","2003802","2051893248","2026/06/16","/kiban/app/api/download/file/729167"
"729168","DEM1","tohoku","東北","FG-GML-tohoku-DEM1-20260616-Z032.zip","2024217","2072798208","2026/06/16","/kiban/app/api/download/file/729168"
"729169","DEM1","tohoku","東北","FG-GML-tohoku-DEM1-20260616-Z033.zip","1926571","1972808704","2026/06/16","/kiban/app/api/download/file/729169"
"729170","DEM1","tohoku","東北","FG-GML-tohoku-DEM1-20260616-Z034.zip","590847","605027328","2026/06/16","/kiban/app/api/download/file/729170"
"729171","DEM5","tohoku","東北","FG-GML-tohoku-DEM5-20260616-Z001.zip","2087549","2137650176","2026/06/16","/kiban/app/api/download/file/729171"
"729172","DEM5","tohoku","東北","FG-GML-tohoku-DEM5-20260616-Z002.zip","2078149","2128024576","2026/06/16","/kiban/app/api/download/file/729172"
"729173","DEM5","tohoku","東北","FG-GML-tohoku-DEM5-20260616-Z003.zip","794001","813057024","2026/06/16","/kiban/app/api/download/file/729173"
"548002","DEM10","tohoku","東北","FG-GML-tohoku-DEM10-20161001-Z001.zip","1235717","1265374208","2016/10/01","/kiban/app/api/download/file/548002"
"729030","DEM1","kanto1","関東１","FG-GML-kanto1-DEM1-20260616-Z001.zip","1949287","1996069888","2026/06/16","/kiban/app/api/download/file/729030"
"729031","DEM1","kanto1","関東１","FG-GML-kanto1-DEM1-20260616-Z002.zip","1977771","2025237504","2026/06/16","/kiban/app/api/download/file/729031"
"729032","DEM1","kanto1","関東１","FG-GML-kanto1-DEM1-20260616-Z003.zip","2050568","2099781632","2026/06/16","/kiban/app/api/download/file/729032"
"729033","DEM1","kanto1","関東１","FG-GML-kanto1-DEM1-20260616-Z004.zip","2031762","2080524288","2026/06/16","/kiban/app/api/download/file/729033"
"729034","DEM1","kanto1","関東１","FG-GML-kanto1-DEM1-20260616-Z005.zip","1952632","1999495168","2026/06/16","/kiban/app/api/download/file/729034"
"729035","DEM1","kanto1","関東１","FG-GML-kanto1-DEM1-20260616-Z006.zip","2065180","2114744320","2026/06/16","/kiban/app/api/download/file/729035"
"729036","DEM1","kanto1","関東１","FG-GML-kanto1-DEM1-20260616-Z007.zip","2048917","2098091008","2026/06/16","/kiban/app/api/download/file/729036"
"729037","DEM1","kanto1","関東１","FG-GML-kanto1-DEM1-20260616-Z008.zip","1860549","1905202176","2026/06/16","/kiban/app/api/download/file/729037"
"729038","DEM1","kanto1","関東１","FG-GML-kanto1-DEM1-20260616-Z009.zip","2026202","2074830848","2026/06/16","/kiban/app/api/download/file/729038"
"729039","DEM1","kanto1","関東１","FG-GML-kanto1-DEM1-20260616-Z010.zip","961114","984180736","2026/06/16","/kiban/app/api/download/file/729039"
"729040","DEM5","kanto1","関東１","FG-GML-kanto1-DEM5-20260616-Z001.zip","1684829","1725264896","2026/06/16","/kiban/app/api/download/file/729040"
"547982","DEM10","kanto1","関東１","FG-GML-kanto1-DEM10-20161001-Z001.zip","331627","339586048","2016/10/01","/kiban/app/api/download/file/547982"
"729041","DEM1","kanto2","関東２","FG-GML-kanto2-DEM1-20260616-Z001.zip","2015524","2063896576","2026/06/16","/kiban/app/api/download/file/729041"
"729042","DEM1","kanto2","関東２","FG-GML-kanto2-DEM1-20260616-Z002.zip","1929266","1975568384","2026/06/16","/kiban/app/api/download/file/729042"
"729043","DEM1","kanto2","関東２","FG-GML-kanto2-DEM1-20260616-Z003.zip","1965121","2012283904","2026/06/16","/kiban/app/api/download/file/729043"
"729044","DEM1","kanto2","関東２","FG-GML-kanto2-DEM1-20260616-Z004.zip","1928553","1974838272","2026/06/16","/kiban/app/api/download/file/729044"
"729045","DEM1","kanto2","関東２","FG-GML-kanto2-DEM1-20260616-Z005.zip","1905029","1950749696","2026/06/16","/kiban/app/api/download/file/729045"
"729046","DEM1","kanto2","関東２","FG-GML-kanto2-DEM1-20260616-Z006.zip","2060137","2109580288","2026/06/16","/kiban/app/api/download/file/729046"
"729047","DEM1","kanto2","関東２","FG-GML-kanto2-DEM1-20260616-Z007.zip","2046732","2095853568","2026/06/16","/kiban/app/api/download/file/729047"
"729048","DEM1","kanto2","関東２","FG-GML-kanto2-DEM1-20260616-Z008.zip","517318","529733632","2026/06/16","/kiban/app/api/download/file/729048"
"729049","DEM5","kanto2","関東２","FG-GML-kanto2-DEM5-20260616-Z001.zip","1117684","1144508416","2026/06/16","/kiban/app/api/download/file/729049"
"547985","DEM10","kanto2","関東２","FG-GML-kanto2-DEM10-20230705-Z001.zip","194317","198980608","2023/07/05","/kiban/app/api/download/file/547985"
"729050","DEM1","kanto3","関東３","FG-GML-kanto3-DEM1-20260616-Z001.zip","2037956","2086866944","2026/06/16","/kiban/app/api/download/file/729050"
"729051","DEM1","kanto3","関東３","FG-GML-kanto3-DEM1-20260616-Z002.zip","1976352","2023784448","2026/06/16","/kiban/app/api/download/file/729051"
"729052","DEM1","kanto3","関東３","FG-GML-kanto3-DEM1-20260616-Z003.zip","2035739","2084596736","2026/06/16","/kiban/app/api/download/file/729052"
"729053","DEM1","kanto3","関東３","FG-GML-kanto3-DEM1-20260616-Z004.zip","1962073","2009162752","2026/06/16","/kiban/app/api/download/file/729053"
"729054","DEM1","kanto3","関東３","FG-GML-kanto3-DEM1-20260616-Z005.zip","2036960","2085847040","2026/06/16","/kiban/app/api/download/file/729054"
"729055","DEM1","kanto3","関東３","FG-GML-kanto3-DEM1-20260616-Z006.zip","1986414","2034087936","2026/06/16","/kiban/app/api/download/file/729055"
"729056","DEM1","kanto3","関東３","FG-GML-kanto3-DEM1-20260616-Z007.zip","1988698","2036426752","2026/06/16","/kiban/app/api/download/file/729056"
"729057","DEM1","kanto3","関東３","FG-GML-kanto3-DEM1-20260616-Z008.zip","2059121","2108539904","2026/06/16","/kiban/app/api/download/file/729057"
"729058","DEM1","kanto3","関東３","FG-GML-kanto3-DEM1-20260616-Z009.zip","2004201","2052301824","2026/06/16","/kiban/app/api/download/file/729058"
"729059","DEM1","kanto3","関東３","FG-GML-kanto3-DEM1-20260616-Z010.zip","2029653","2078364672","2026/06/16","/kiban/app/api/download/file/729059"
"729060","DEM1","kanto3","関東３","FG-GML-kanto3-DEM1-20260616-Z011.zip","1960847","2007907328","2026/06/16","/kiban/app/api/download/file/729060"
"729061","DEM1","kanto3","関東３","FG-GML-kanto3-DEM1-20260616-Z012.zip","2047236","2096369664","2026/06/16","/kiban/app/api/download/file/729061"
"729062","DEM1","kanto3","関東３","FG-GML-kanto3-DEM1-20260616-Z013.zip","1948880","1995653120","2026/06/16","/kiban/app/api/download/file/729062"
"729063","DEM1","kanto3","関東３","FG-GML-kanto3-DEM1-20260616-Z014.zip","2056458","2105812992","2026/06/16","/kiban/app/api/download/file/729063"
"729064","DEM1","kanto3","関東３","FG-GML-kanto3-DEM1-20260616-Z015.zip","2000778","2048796672","2026/06/16","/kiban/app/api/download/file/729064"
"729065","DEM1","kanto3","関東３","FG-GML-kanto3-DEM1-20260616-Z016.zip","2013567","2061892608","2026/06/16","/kiban/app/api/download/file/729065"
"729066","DEM1","kanto3","関東３","FG-GML-kanto3-DEM1-20260616-Z017.zip","1999744","2047737856","2026/06/16","/kiban/app/api/download/file/729066"
"729067","DEM1","kanto3","関東３","FG-GML-kanto3-DEM1-20260616-Z018.zip","239372","245116928","2026/06/16","/kiban/app/api/download/file/729067"
"729068","DEM5","kanto3","関東３","FG-GML-kanto3-DEM5-20260616-Z001.zip","1864945","1909703680","2026/06/16","/kiban/app/api/download/file/729068"
"547988","DEM10","kanto3","関東３","FG-GML-kanto3-DEM10-20161001-Z001.zip","486336","498008064","2016/10/01","/kiban/app/api/download/file/547988"
"729012","DEM1","hokuriku","北陸","FG-GML-hokuriku-DEM1-20260616-Z001.zip","2032571","2081352704","2026/06/16","/kiban/app/api/download/file/729012"
"729013","DEM1","hokuriku","北陸","FG-GML-hokuriku-DEM1-20260616-Z002.zip","2008714","2056923136","2026/06/16","/kiban/app/api/download/file/729013"
"729014","DEM1","hokuriku","北陸","FG-GML-hokuriku-DEM1-20260616-Z003.zip","2066088","2115674112","2026/06/16","/kiban/app/api/download/file/729014"
"729015","DEM1","hokuriku","北陸","FG-GML-hokuriku-DEM1-20260616-Z004.zip","2076639","2126478336","2026/06/16","/kiban/app/api/download/file/729015"
"729016","DEM1","hokuriku","北陸","FG-GML-hokuriku-DEM1-20260616-Z005.zip","1998261","2046219264","2026/06/16","/kiban/app/api/download/file/729016"
"729017","DEM1","hokuriku","北陸","FG-GML-hokuriku-DEM1-20260616-Z006.zip","2037376","2086273024","2026/06/16","/kiban/app/api/download/file/729017"
"729018","DEM1","hokuriku","北陸","FG-GML-hokuriku-DEM1-20260616-Z007.zip","2037380","2086277120","2026/06/16","/kiban/app/api/download/file/729018"
"729019","DEM1","hokuriku","北陸","FG-GML-hokuriku-DEM1-20260616-Z008.zip","1975508","2022920192","2026/06/16","/kiban/app/api/download/file/729019"
"729020","DEM1","hokuriku","北陸","FG-GML-hokuriku-DEM1-20260616-Z009.zip","1951172","1998000128","2026/06/16","/kiban/app/api/download/file/729020"
"729021","DEM1","hokuriku","北陸","FG-GML-hokuriku-DEM1-20260616-Z010.zip","2039532","2088480768","2026/06/16","/kiban/app/api/download/file/729021"
"729022","DEM1","hokuriku","北陸","FG-GML-hokuriku-DEM1-20260616-Z011.zip","2066719","2116320256","2026/06/16","/kiban/app/api/download/file/729022"
"729023","DEM1","hokuriku","北陸","FG-GML-hokuriku-DEM1-20260616-Z012.zip","2057500","2106880000","2026/06/16","/kiban/app/api/download/file/729023"
"729024","DEM1","hokuriku","北陸","FG-GML-hokuriku-DEM1-20260616-Z013.zip","2061974","2111461376","2026/06/16","/kiban/app/api/download/file/729024"
"729025","DEM1","hokuriku","北陸","FG-GML-hokuriku-DEM1-20260616-Z014.zip","2070096","2119778304","2026/06/16","/kiban/app/api/download/file/729025"
"729026","DEM1","hokuriku","北陸","FG-GML-hokuriku-DEM1-20260616-Z015.zip","2062094","2111584256","2026/06/16","/kiban/app/api/download/file/729026"
"729027","DEM1","hokuriku","北陸","FG-GML-hokuriku-DEM1-20260616-Z016.zip","684379","700804096","2026/06/16","/kiban/app/api/download/file/729027"
"729028","DEM5","hokuriku","北陸","FG-GML-hokuriku-DEM5-20260616-Z001.zip","2086795","2136878080","2026/06/16","/kiban/app/api/download/file/729028"
"729029","DEM5","hokuriku","北陸","FG-GML-hokuriku-DEM5-20260616-Z002.zip","443657","454304768","2026/06/16","/kiban/app/api/download/file/729029"
"547978","DEM10","hokuriku","北陸","FG-GML-hokuriku-DEM10-20161001-Z001.zip","536447","549321728","2016/10/01","/kiban/app/api/download/file/547978"
"728913","DEM1","chubu","中部","FG-GML-chubu-DEM1-20260616-Z001.zip","2044168","2093228032","2026/06/16","/kiban/app/api/download/file/728913"
"728914","DEM1","chubu","中部","FG-GML-chubu-DEM1-20260616-Z002.zip","1991363","2039155712","2026/06/16","/kiban/app/api/download/file/728914"
"728915","DEM1","chubu","中部","FG-GML-chubu-DEM1-20260616-Z003.zip","2080570","2130503680","2026/06/16","/kiban/app/api/download/file/728915"
"728916","DEM1","chubu","中部","FG-GML-chubu-DEM1-20260616-Z004.zip","1927910","1974179840","2026/06/16","/kiban/app/api/download/file/728916"
"728917","DEM1","chubu","中部","FG-GML-chubu-DEM1-20260616-Z005.zip","2081014","2130958336","2026/06/16","/kiban/app/api/download/file/728917"
"728918","DEM1","chubu","中部","FG-GML-chubu-DEM1-20260616-Z006.zip","2052491","2101750784","2026/06/16","/kiban/app/api/download/file/728918"
"728919","DEM1","chubu","中部","FG-GML-chubu-DEM1-20260616-Z007.zip","1946287","1992997888","2026/06/16","/kiban/app/api/download/file/728919"
"728920","DEM1","chubu","中部","FG-GML-chubu-DEM1-20260616-Z008.zip","2050299","2099506176","2026/06/16","/kiban/app/api/download/file/728920"
"728921","DEM1","chubu","中部","FG-GML-chubu-DEM1-20260616-Z009.zip","1977029","2024477696","2026/06/16","/kiban/app/api/download/file/728921"
"728922","DEM1","chubu","中部","FG-GML-chubu-DEM1-20260616-Z010.zip","1966095","2013281280","2026/06/16","/kiban/app/api/download/file/728922"
"728923","DEM1","chubu","中部","FG-GML-chubu-DEM1-20260616-Z011.zip","2072397","2122134528","2026/06/16","/kiban/app/api/download/file/728923"
"728924","DEM1","chubu","中部","FG-GML-chubu-DEM1-20260616-Z012.zip","1918797","1964848128","2026/06/16","/kiban/app/api/download/file/728924"
"728925","DEM1","chubu","中部","FG-GML-chubu-DEM1-20260616-Z013.zip","2061912","2111397888","2026/06/16","/kiban/app/api/download/file/728925"
"728926","DEM1","chubu","中部","FG-GML-chubu-DEM1-20260616-Z014.zip","1880444","1925574656","2026/06/16","/kiban/app/api/download/file/728926"
"728927","DEM1","chubu","中部","FG-GML-chubu-DEM1-20260616-Z015.zip","2067752","2117378048","2026/06/16","/kiban/app/api/download/file/728927"
"728928","DEM1","chubu","中部","FG-GML-chubu-DEM1-20260616-Z016.zip","1929568","1975877632","2026/06/16","/kiban/app/api/download/file/728928"
"728929","DEM1","chubu","中部","FG-GML-chubu-DEM1-20260616-Z017.zip","2049717","2098910208","2026/06/16","/kiban/app/api/download/file/728929"
"728930","DEM1","chubu","中部","FG-GML-chubu-DEM1-20260616-Z018.zip","2030507","2079239168","2026/06/16","/kiban/app/api/download/file/728930"
"728931","DEM1","chubu","中部","FG-GML-chubu-DEM1-20260616-Z019.zip","1990808","2038587392","2026/06/16","/kiban/app/api/download/file/728931"
"728932","DEM1","chubu","中部","FG-GML-chubu-DEM1-20260616-Z020.zip","2007185","2055357440","2026/06/16","/kiban/app/api/download/file/728932"
"728933","DEM1","chubu","中部","FG-GML-chubu-DEM1-20260616-Z021.zip","1982384","2029961216","2026/06/16","/kiban/app/api/download/file/728933"
"728934","DEM1","chubu","中部","FG-GML-chubu-DEM1-20260616-Z022.zip","1936385","1982858240","2026/06/16","/kiban/app/api/download/file/728934"
"728935","DEM1","chubu","中部","FG-GML-chubu-DEM1-20260616-Z023.zip","194022","198678528","2026/06/16","/kiban/app/api/download/file/728935"
"728936","DEM5","chubu","中部","FG-GML-chubu-DEM5-20260616-Z001.zip","2083389","2133390336","2026/06/16","/kiban/app/api/download/file/728936"
"728937","DEM5","chubu","中部","FG-GML-chubu-DEM5-20260616-Z002.zip","930022","952342528","2026/06/16","/kiban/app/api/download/file/728937"
"547959","DEM10","chubu","中部","FG-GML-chubu-DEM10-20161001-Z001.zip","641682","657082368","2016/10/01","/kiban/app/api/download/file/547959"
"729069","DEM1","kinki","近畿","FG-GML-kinki-DEM1-20260603-Z001.zip","2016243","2064632832","2026/06/03","/kiban/app/api/download/file/729069"
"729070","DEM1","kinki","近畿","FG-GML-kinki-DEM1-20260603-Z002.zip","2010179","2058423296","2026/06/03","/kiban/app/api/download/file/729070"
"729071","DEM1","kinki","近畿","FG-GML-kinki-DEM1-20260603-Z003.zip","2036741","2085622784","2026/06/03","/kiban/app/api/download/file/729071"
"729072","DEM1","kinki","近畿","FG-GML-kinki-DEM1-20260603-Z004.zip","1972472","2019811328","2026/06/03","/kiban/app/api/download/file/729072"
"729073","DEM1","kinki","近畿","FG-GML-kinki-DEM1-20260603-Z005.zip","1924934","1971132416","2026/06/03","/kiban/app/api/download/file/729073"
"729074","DEM1","kinki","近畿","FG-GML-kinki-DEM1-20260603-Z006.zip","1925557","1971770368","2026/06/03","/kiban/app/api/download/file/729074"
"729075","DEM1","kinki","近畿","FG-GML-kinki-DEM1-20260603-Z007.zip","1978233","2025710592","2026/06/03","/kiban/app/api/download/file/729075"
"729076","DEM1","kinki","近畿","FG-GML-kinki-DEM1-20260603-Z008.zip","1995856","2043756544","2026/06/03","/kiban/app/api/download/file/729076"
"729077","DEM1","kinki","近畿","FG-GML-kinki-DEM1-20260603-Z009.zip","1936486","1982961664","2026/06/03","/kiban/app/api/download/file/729077"
"729078","DEM1","kinki","近畿","FG-GML-kinki-DEM1-20260603-Z010.zip","1973756","2021126144","2026/06/03","/kiban/app/api/download/file/729078"
"729079","DEM1","kinki","近畿","FG-GML-kinki-DEM1-20260603-Z011.zip","1948196","1994952704","2026/06/03","/kiban/app/api/download/file/729079"
"729080","DEM1","kinki","近畿","FG-GML-kinki-DEM1-20260603-Z012.zip","1911159","1957026816","2026/06/03","/kiban/app/api/download/file/729080"
"729081","DEM1","kinki","近畿","FG-GML-kinki-DEM1-20260603-Z013.zip","1982364","2029940736","2026/06/03","/kiban/app/api/download/file/729081"
"729082","DEM1","kinki","近畿","FG-GML-kinki-DEM1-20260603-Z014.zip","1987231","2034924544","2026/06/03","/kiban/app/api/download/file/729082"
"729083","DEM1","kinki","近畿","FG-GML-kinki-DEM1-20260603-Z015.zip","1894650","1940121600","2026/06/03","/kiban/app/api/download/file/729083"
"729084","DEM1","kinki","近畿","FG-GML-kinki-DEM1-20260603-Z016.zip","1936225","1982694400","2026/06/03","/kiban/app/api/download/file/729084"
"729085","DEM1","kinki","近畿","FG-GML-kinki-DEM1-20260603-Z017.zip","1944309","1990972416","2026/06/03","/kiban/app/api/download/file/729085"
"729086","DEM1","kinki","近畿","FG-GML-kinki-DEM1-20260603-Z018.zip","2081700","2131660800","2026/06/03","/kiban/app/api/download/file/729086"
"729087","DEM1","kinki","近畿","FG-GML-kinki-DEM1-20260603-Z019.zip","1889822","1935177728","2026/06/03","/kiban/app/api/download/file/729087"
"729088","DEM1","kinki","近畿","FG-GML-kinki-DEM1-20260603-Z020.zip","1950960","1997783040","2026/06/03","/kiban/app/api/download/file/729088"
"729089","DEM1","kinki","近畿","FG-GML-kinki-DEM1-20260603-Z021.zip","2013511","2061835264","2026/06/03","/kiban/app/api/download/file/729089"
"729090","DEM1","kinki","近畿","FG-GML-kinki-DEM1-20260603-Z022.zip","1904635","1950346240","2026/06/03","/kiban/app/api/download/file/729090"
"729091","DEM1","kinki","近畿","FG-GML-kinki-DEM1-20260603-Z023.zip","2026102","2074728448","2026/06/03","/kiban/app/api/download/file/729091"
"729092","DEM1","kinki","近畿","FG-GML-kinki-DEM1-20260603-Z024.zip","2004443","2052549632","2026/06/03","/kiban/app/api/download/file/729092"
"729093","DEM5","kinki","近畿","FG-GML-kinki-DEM5-20260603-Z001.zip","2083997","2134012928","2026/06/03","/kiban/app/api/download/file/729093"
"729094","DEM5","kinki","近畿","FG-GML-kinki-DEM5-20260603-Z002.zip","417775","427801600","2026/06/03","/kiban/app/api/download/file/729094"
"547991","DEM10","kinki","近畿","FG-GML-kinki-DEM10-20161001-Z001.zip","504399","516504576","2016/10/01","/kiban/app/api/download/file/547991"
"728938","DEM1","chugoku","中国","FG-GML-chugoku-DEM1-20260522-Z001.zip","1934484","1980911616","2026/05/22","/kiban/app/api/download/file/728938"
"728939","DEM1","chugoku","中国","FG-GML-chugoku-DEM1-20260522-Z002.zip","1970363","2017651712","2026/05/22","/kiban/app/api/download/file/728939"
"728940","DEM1","chugoku","中国","FG-GML-chugoku-DEM1-20260522-Z003.zip","1898622","1944188928","2026/05/22","/kiban/app/api/download/file/728940"
"728941","DEM1","chugoku","中国","FG-GML-chugoku-DEM1-20260522-Z004.zip","2033411","2082212864","2026/05/22","/kiban/app/api/download/file/728941"
"728942","DEM1","chugoku","中国","FG-GML-chugoku-DEM1-20260522-Z005.zip","2051636","2100875264","2026/05/22","/kiban/app/api/download/file/728942"
"728943","DEM1","chugoku","中国","FG-GML-chugoku-DEM1-20260522-Z006.zip","1978195","2025671680","2026/05/22","/kiban/app/api/download/file/728943"
"728944","DEM1","chugoku","中国","FG-GML-chugoku-DEM1-20260522-Z007.zip","1925266","1971472384","2026/05/22","/kiban/app/api/download/file/728944"
"728945","DEM1","chugoku","中国","FG-GML-chugoku-DEM1-20260522-Z008.zip","2006073","2054218752","2026/05/22","/kiban/app/api/download/file/728945"
"728946","DEM1","chugoku","中国","FG-GML-chugoku-DEM1-20260522-Z009.zip","1997487","2045426688","2026/05/22","/kiban/app/api/download/file/728946"
"728947","DEM1","chugoku","中国","FG-GML-chugoku-DEM1-20260522-Z010.zip","2010541","2058793984","2026/05/22","/kiban/app/api/download/file/728947"
"728948","DEM1","chugoku","中国","FG-GML-chugoku-DEM1-20260522-Z011.zip","1992608","2040430592","2026/05/22","/kiban/app/api/download/file/728948"
"728949","DEM1","chugoku","中国","FG-GML-chugoku-DEM1-20260522-Z012.zip","1936981","1983468544","2026/05/22","/kiban/app/api/download/file/728949"
"728950","DEM1","chugoku","中国","FG-GML-chugoku-DEM1-20260522-Z013.zip","1948155","1994910720","2026/05/22","/kiban/app/api/download/file/728950"
"728951","DEM1","chugoku","中国","FG-GML-chugoku-DEM1-20260522-Z014.zip","1977893","2025362432","2026/05/22","/kiban/app/api/download/file/728951"
"728952","DEM1","chugoku","中国","FG-GML-chugoku-DEM1-20260522-Z015.zip","1941809","1988412416","2026/05/22","/kiban/app/api/download/file/728952"
"728953","DEM1","chugoku","中国","FG-GML-chugoku-DEM1-20260522-Z016.zip","1990668","2038444032","2026/05/22","/kiban/app/api/download/file/728953"
"728954","DEM1","chugoku","中国","FG-GML-chugoku-DEM1-20260522-Z017.zip","1881940","1927106560","2026/05/22","/kiban/app/api/download/file/728954"
"728955","DEM1","chugoku","中国","FG-GML-chugoku-DEM1-20260522-Z018.zip","2080659","2130594816","2026/05/22","/kiban/app/api/download/file/728955"
"728956","DEM1","chugoku","中国","FG-GML-chugoku-DEM1-20260522-Z019.zip","2015170","2063534080","2026/05/22","/kiban/app/api/download/file/728956"
"728957","DEM1","chugoku","中国","FG-GML-chugoku-DEM1-20260522-Z020.zip","2011697","2059977728","2026/05/22","/kiban/app/api/download/file/728957"
"728958","DEM1","chugoku","中国","FG-GML-chugoku-DEM1-20260522-Z021.zip","1966404","2013597696","2026/05/22","/kiban/app/api/download/file/728958"
"728959","DEM1","chugoku","中国","FG-GML-chugoku-DEM1-20260522-Z022.zip","2041319","2090310656","2026/05/22","/kiban/app/api/download/file/728959"
"728960","DEM1","chugoku","中国","FG-GML-chugoku-DEM1-20260522-Z023.zip","2034083","2082900992","2026/05/22","/kiban/app/api/download/file/728960"
"728961","DEM5","chugoku","中国","FG-GML-chugoku-DEM5-20260522-Z001.zip","2058216","2107613184","2026/05/22","/kiban/app/api/download/file/728961"
"728962","DEM5","chugoku","中国","FG-GML-chugoku-DEM5-20260522-Z002.zip","593165","607400960","2026/05/22","/kiban/app/api/download/file/728962"
"547966","DEM10","chugoku","中国","FG-GML-chugoku-DEM10-20200409-Z001.zip","570913","584614912","2020/04/09","/kiban/app/api/download/file/547966"
"729119","DEM1","shikoku","四国","FG-GML-shikoku-DEM1-20260522-Z001.zip","2065744","2115321856","2026/05/22","/kiban/app/api/download/file/729119"
"729120","DEM1","shikoku","四国","FG-GML-shikoku-DEM1-20260522-Z002.zip","1899335","1944919040","2026/05/22","/kiban/app/api/download/file/729120"
"729121","DEM1","shikoku","四国","FG-GML-shikoku-DEM1-20260522-Z003.zip","2061986","2111473664","2026/05/22","/kiban/app/api/download/file/729121"
"729122","DEM1","shikoku","四国","FG-GML-shikoku-DEM1-20260522-Z004.zip","2058061","2107454464","2026/05/22","/kiban/app/api/download/file/729122"
"729123","DEM1","shikoku","四国","FG-GML-shikoku-DEM1-20260522-Z005.zip","1865627","1910402048","2026/05/22","/kiban/app/api/download/file/729123"
"729124","DEM1","shikoku","四国","FG-GML-shikoku-DEM1-20260522-Z006.zip","2052793","2102060032","2026/05/22","/kiban/app/api/download/file/729124"
"729125","DEM1","shikoku","四国","FG-GML-shikoku-DEM1-20260522-Z007.zip","2085889","2135950336","2026/05/22","/kiban/app/api/download/file/729125"
"729126","DEM1","shikoku","四国","FG-GML-shikoku-DEM1-20260522-Z008.zip","1933996","1980411904","2026/05/22","/kiban/app/api/download/file/729126"
"729127","DEM1","shikoku","四国","FG-GML-shikoku-DEM1-20260522-Z009.zip","2069461","2119128064","2026/05/22","/kiban/app/api/download/file/729127"
"729128","DEM1","shikoku","四国","FG-GML-shikoku-DEM1-20260522-Z010.zip","2048314","2097473536","2026/05/22","/kiban/app/api/download/file/729128"
"729129","DEM1","shikoku","四国","FG-GML-shikoku-DEM1-20260522-Z011.zip","2059274","2108696576","2026/05/22","/kiban/app/api/download/file/729129"
"729130","DEM1","shikoku","四国","FG-GML-shikoku-DEM1-20260522-Z012.zip","2081614","2131572736","2026/05/22","/kiban/app/api/download/file/729130"
"729131","DEM1","shikoku","四国","FG-GML-shikoku-DEM1-20260522-Z013.zip","2006555","2054712320","2026/05/22","/kiban/app/api/download/file/729131"
"729132","DEM1","shikoku","四国","FG-GML-shikoku-DEM1-20260522-Z014.zip","1940067","1986628608","2026/05/22","/kiban/app/api/download/file/729132"
"729133","DEM1","shikoku","四国","FG-GML-shikoku-DEM1-20260522-Z015.zip","1967691","2014915584","2026/05/22","/kiban/app/api/download/file/729133"
"729134","DEM1","shikoku","四国","FG-GML-shikoku-DEM1-20260522-Z016.zip","1945675","1992371200","2026/05/22","/kiban/app/api/download/file/729134"
"729135","DEM1","shikoku","四国","FG-GML-shikoku-DEM1-20260522-Z017.zip","1553415","1590696960","2026/05/22","/kiban/app/api/download/file/729135"
"729136","DEM5","shikoku","四国","FG-GML-shikoku-DEM5-20260522-Z001.zip","1525523","1562135552","2026/05/22","/kiban/app/api/download/file/729136"
"547997","DEM10","shikoku","四国","FG-GML-shikoku-DEM10-20200409-Z001.zip","341205","349393920","2020/04/09","/kiban/app/api/download/file/547997"
"730277","DEM1","kyushu_okinawa","九州・沖縄","FG-GML-kyushu_okinawa-DEM1-20260603-Z001.zip","2072734","2122479616","2026/06/03","/kiban/app/api/download/file/730277"
"730278","DEM1","kyushu_okinawa","九州・沖縄","FG-GML-kyushu_okinawa-DEM1-20260603-Z002.zip","1960574","2007627776","2026/06/03","/kiban/app/api/download/file/730278"
"730279","DEM1","kyushu_okinawa","九州・沖縄","FG-GML-kyushu_okinawa-DEM1-20260603-Z003.zip","2022560","2071101440","2026/06/03","/kiban/app/api/download/file/730279"
"730280","DEM1","kyushu_okinawa","九州・沖縄","FG-GML-kyushu_okinawa-DEM1-20260603-Z004.zip","2016817","2065220608","2026/06/03","/kiban/app/api/download/file/730280"
"730281","DEM1","kyushu_okinawa","九州・沖縄","FG-GML-kyushu_okinawa-DEM1-20260603-Z005.zip","1953901","2000794624","2026/06/03","/kiban/app/api/download/file/730281"
"730282","DEM1","kyushu_okinawa","九州・沖縄","FG-GML-kyushu_okinawa-DEM1-20260603-Z006.zip","2020044","2068525056","2026/06/03","/kiban/app/api/download/file/730282"
"730283","DEM1","kyushu_okinawa","九州・沖縄","FG-GML-kyushu_okinawa-DEM1-20260603-Z007.zip","1947781","1994527744","2026/06/03","/kiban/app/api/download/file/730283"
"730284","DEM1","kyushu_okinawa","九州・沖縄","FG-GML-kyushu_okinawa-DEM1-20260603-Z008.zip","2033406","2082207744","2026/06/03","/kiban/app/api/download/file/730284"
"730285","DEM1","kyushu_okinawa","九州・沖縄","FG-GML-kyushu_okinawa-DEM1-20260603-Z009.zip","1946054","1992759296","2026/06/03","/kiban/app/api/download/file/730285"
"730286","DEM1","kyushu_okinawa","九州・沖縄","FG-GML-kyushu_okinawa-DEM1-20260603-Z010.zip","2013691","2062019584","2026/06/03","/kiban/app/api/download/file/730286"
"730287","DEM1","kyushu_okinawa","九州・沖縄","FG-GML-kyushu_okinawa-DEM1-20260603-Z011.zip","1960984","2008047616","2026/06/03","/kiban/app/api/download/file/730287"
"730288","DEM1","kyushu_okinawa","九州・沖縄","FG-GML-kyushu_okinawa-DEM1-20260603-Z012.zip","2027140","2075791360","2026/06/03","/kiban/app/api/download/file/730288"
"730289","DEM1","kyushu_okinawa","九州・沖縄","FG-GML-kyushu_okinawa-DEM1-20260603-Z013.zip","2065179","2114743296","2026/06/03","/kiban/app/api/download/file/730289"
"730290","DEM1","kyushu_okinawa","九州・沖縄","FG-GML-kyushu_okinawa-DEM1-20260603-Z014.zip","2055098","2104420352","2026/06/03","/kiban/app/api/download/file/730290"
"730291","DEM1","kyushu_okinawa","九州・沖縄","FG-GML-kyushu_okinawa-DEM1-20260603-Z015.zip","2010202","2058446848","2026/06/03","/kiban/app/api/download/file/730291"
"730292","DEM1","kyushu_okinawa","九州・沖縄","FG-GML-kyushu_okinawa-DEM1-20260603-Z016.zip","2007534","2055714816","2026/06/03","/kiban/app/api/download/file/730292"
"730293","DEM1","kyushu_okinawa","九州・沖縄","FG-GML-kyushu_okinawa-DEM1-20260603-Z017.zip","1979848","2027364352","2026/06/03","/kiban/app/api/download/file/730293"
"730294","DEM1","kyushu_okinawa","九州・沖縄","FG-GML-kyushu_okinawa-DEM1-20260603-Z018.zip","2058126","2107521024","2026/06/03","/kiban/app/api/download/file/730294"
"730295","DEM1","kyushu_okinawa","九州・沖縄","FG-GML-kyushu_okinawa-DEM1-20260603-Z019.zip","2036177","2085045248","2026/06/03","/kiban/app/api/download/file/730295"
"730296","DEM1","kyushu_okinawa","九州・沖縄","FG-GML-kyushu_okinawa-DEM1-20260603-Z020.zip","1941961","1988568064","2026/06/03","/kiban/app/api/download/file/730296"
"730297","DEM1","kyushu_okinawa","九州・沖縄","FG-GML-kyushu_okinawa-DEM1-20260603-Z021.zip","2078909","2128802816","2026/06/03","/kiban/app/api/download/file/730297"
"730298","DEM1","kyushu_okinawa","九州・沖縄","FG-GML-kyushu_okinawa-DEM1-20260603-Z022.zip","1984294","2031917056","2026/06/03","/kiban/app/api/download/file/730298"
"730299","DEM1","kyushu_okinawa","九州・沖縄","FG-GML-kyushu_okinawa-DEM1-20260603-Z023.zip","1880301","1925428224","2026/06/03","/kiban/app/api/download/file/730299"
"730300","DEM1","kyushu_okinawa","九州・沖縄","FG-GML-kyushu_okinawa-DEM1-20260603-Z024.zip","2082879","2132868096","2026/06/03","/kiban/app/api/download/file/730300"
"730301","DEM1","kyushu_okinawa","九州・沖縄","FG-GML-kyushu_okinawa-DEM1-20260603-Z025.zip","1642506","1681926144","2026/06/03","/kiban/app/api/download/file/730301"
"730302","DEM5","kyushu_okinawa","九州・沖縄","FG-GML-kyushu_okinawa-DEM5-20260603-Z001.zip","2079217","2129118208","2026/06/03","/kiban/app/api/download/file/730302"
"730303","DEM5","kyushu_okinawa","九州・沖縄","FG-GML-kyushu_okinawa-DEM5-20260603-Z002.zip","1498327","1534286848","2026/06/03","/kiban/app/api/download/file/730303"
"547994","DEM10","kyushu_okinawa","九州・沖縄","FG-GML-kyushu_okinawa-DEM10-20200409-Z001.zip","734863","752499712","2020/04/09","/kiban/app/api/download/file/547994"
