id,typeCode,meshCode,fileName,sizeKiB,estimatedBytes,updateDate,downloadPath,landmarks
537094,DEM10B,392725,FG-GML-392725-DEM10B-20161001.zip,1022,1046528,2016/10/01,/kiban/app/api/download/file/537094,首里城|リュークスタワー（那覇）
611497,DEM1A,392725,FG-GML-392725-DEM1A-20250423.zip,119345,122209280,2025/04/23,/kiban/app/api/download/file/611497,首里城|リュークスタワー（那覇）
616337,DEM5A,392725,FG-GML-392725-DEM5A-20250620.zip,5590,5724160,2025/06/20,/kiban/app/api/download/file/616337,首里城|リュークスタワー（那覇）
614816,DEM5B,392725,FG-GML-392725-DEM5B-20250609.zip,598,612352,2025/06/09,/kiban/app/api/download/file/614816,首里城|リュークスタワー（那覇）
537101,DEM10B,392736,FG-GML-392736-DEM10B-20161001.zip,807,826368,2016/10/01,/kiban/app/api/download/file/537101,中城城跡
611501,DEM1A,392736,FG-GML-392736-DEM1A-20250423.zip,89896,92053504,2025/04/23,/kiban/app/api/download/file/611501,中城城跡
616341,DEM5A,392736,FG-GML-392736-DEM5A-20250620.zip,4174,4274176,2025/06/20,/kiban/app/api/download/file/616341,中城城跡
614819,DEM5B,392736,FG-GML-392736-DEM5B-20250609.zip,1008,1032192,2025/06/09,/kiban/app/api/download/file/614819,中城城跡
537129,DEM10B,402707,FG-GML-402707-DEM10B-20161001.zip,670,686080,2016/10/01,/kiban/app/api/download/file/537129,今帰仁城跡
611522,DEM1A,402707,FG-GML-402707-DEM1A-20250423.zip,73553,75318272,2025/04/23,/kiban/app/api/download/file/611522,今帰仁城跡
616362,DEM5A,402707,FG-GML-402707-DEM5A-20250620.zip,3244,3321856,2025/06/20,/kiban/app/api/download/file/616362,今帰仁城跡
537221,DEM10B,453044,FG-GML-453044-DEM10B-20161001.zip,2080,2129920,2016/10/01,/kiban/app/api/download/file/537221,宮之浦岳（屋久島）
717622,DEM1A,453044,FG-GML-453044-DEM1A-20260522.zip,161574,165451776,2026/05/22,/kiban/app/api/download/file/717622,宮之浦岳（屋久島）
719880,DEM5A,453044,FG-GML-453044-DEM5A-20260522.zip,7477,7656448,2026/05/22,/kiban/app/api/download/file/719880,宮之浦岳（屋久島）
537260,DEM10B,463064,FG-GML-463064-DEM10B-20161001.zip,1370,1402880,2016/10/01,/kiban/app/api/download/file/537260,開聞岳
611536,DEM1A,463064,FG-GML-463064-DEM1A-20250424.zip,147915,151464960,2025/04/24,/kiban/app/api/download/file/611536,開聞岳
616409,DEM5A,463064,FG-GML-463064-DEM5A-20250620.zip,6604,6762496,2025/06/20,/kiban/app/api/download/file/616409,開聞岳
614839,DEM5B,463064,FG-GML-463064-DEM5B-20250609.zip,963,986112,2025/06/09,/kiban/app/api/download/file/614839,開聞岳
537289,DEM10B,473003,FG-GML-473003-DEM10B-20161001.zip,1702,1742848,2016/10/01,/kiban/app/api/download/file/537289,知覧城跡
611546,DEM1A,473003,FG-GML-473003-DEM1A-20250424.zip,27460,28119040,2025/04/24,/kiban/app/api/download/file/611546,知覧城跡
616429,DEM5A,473003,FG-GML-473003-DEM5A-20250620.zip,8381,8582144,2025/06/20,/kiban/app/api/download/file/616429,知覧城跡
537310,DEM10B,473034,FG-GML-473034-DEM10B-20161001.zip,1361,1393664,2016/10/01,/kiban/app/api/download/file/537310,鹿児島城跡（鶴丸城）|アミュラン
611561,DEM1A,473034,FG-GML-473034-DEM1A-20250424.zip,14352,14696448,2025/04/24,/kiban/app/api/download/file/611561,鹿児島城跡（鶴丸城）|アミュラン
616449,DEM5A,473034,FG-GML-473034-DEM5A-20250620.zip,5393,5522432,2025/06/20,/kiban/app/api/download/file/616449,鹿児島城跡（鶴丸城）|アミュラン
614855,DEM5B,473034,FG-GML-473034-DEM5B-20250609.zip,204,208896,2025/06/09,/kiban/app/api/download/file/614855,鹿児島城跡（鶴丸城）|アミュラン
536930,DEM10A,473067,FG-GML-473067-DEM10A-20161001.zip,687,703488,2016/10/01,/kiban/app/api/download/file/536930,霧島山（高千穂峰）
537335,DEM10B,473067,FG-GML-473067-DEM10B-20161001.zip,1976,2023424,2016/10/01,/kiban/app/api/download/file/537335,霧島山（高千穂峰）
611584,DEM1A,473067,FG-GML-473067-DEM1A-20250424.zip,207369,212345856,2025/04/24,/kiban/app/api/download/file/611584,霧島山（高千穂峰）
616473,DEM5A,473067,FG-GML-473067-DEM5A-20250620.zip,8726,8935424,2025/06/20,/kiban/app/api/download/file/616473,霧島山（高千穂峰）
536931,DEM10A,473076,FG-GML-473076-DEM10A-20161001.zip,760,778240,2016/10/01,/kiban/app/api/download/file/536931,霧島山（韓国岳）
537341,DEM10B,473076,FG-GML-473076-DEM10B-20161001.zip,2039,2087936,2016/10/01,/kiban/app/api/download/file/537341,霧島山（韓国岳）
611589,DEM1A,473076,FG-GML-473076-DEM1A-20250424.zip,212386,217483264,2025/04/24,/kiban/app/api/download/file/611589,霧島山（韓国岳）
616479,DEM5A,473076,FG-GML-473076-DEM5A-20250620.zip,9215,9436160,2025/06/20,/kiban/app/api/download/file/616479,霧島山（韓国岳）
537356,DEM10B,473132,FG-GML-473132-DEM10B-20161001.zip,1853,1897472,2016/10/01,/kiban/app/api/download/file/537356,飫肥城跡
717660,DEM1A,473132,FG-GML-473132-DEM1A-20260603.zip,180964,185307136,2026/06/03,/kiban/app/api/download/file/717660,飫肥城跡
719918,DEM5A,473132,FG-GML-473132-DEM5A-20260603.zip,8570,8775680,2026/06/03,/kiban/app/api/download/file/719918,飫肥城跡
537373,DEM10B,473173,FG-GML-473173-DEM10B-20161001.zip,769,787456,2016/10/01,/kiban/app/api/download/file/537373,シェラトン・グランデ・オーシャンリゾート
611611,DEM1A,473173,FG-GML-473173-DEM1A-20250609.zip,1438,1472512,2025/06/09,/kiban/app/api/download/file/611611,シェラトン・グランデ・オーシャンリゾート
616511,DEM5A,473173,FG-GML-473173-DEM5A-20250620.zip,5329,5456896,2025/06/20,/kiban/app/api/download/file/616511,シェラトン・グランデ・オーシャンリゾート
614874,DEM5B,473173,FG-GML-473173-DEM5B-20250609.zip,6,6144,2025/06/09,/kiban/app/api/download/file/614874,シェラトン・グランデ・オーシャンリゾート
537416,DEM10B,483026,FG-GML-483026-DEM10B-20161001.zip,1421,1455104,2016/10/01,/kiban/app/api/download/file/537416,人吉城跡
611649,DEM1A,483026,FG-GML-483026-DEM1A-20250515.zip,165513,169485312,2025/05/15,/kiban/app/api/download/file/611649,人吉城跡
616549,DEM5A,483026,FG-GML-483026-DEM5A-20250620.zip,4782,4896768,2025/06/20,/kiban/app/api/download/file/616549,人吉城跡
537495,DEM10B,483165,FG-GML-483165-DEM10B-20161001.zip,801,820224,2016/10/01,/kiban/app/api/download/file/537495,延岡城跡
616626,DEM5A,483165,FG-GML-483165-DEM5A-20250620.zip,4284,4386816,2025/06/20,/kiban/app/api/download/file/616626,延岡城跡
614883,DEM5B,483165,FG-GML-483165-DEM5B-20250609.zip,365,373760,2025/06/09,/kiban/app/api/download/file/614883,延岡城跡
537549,DEM10B,492956,FG-GML-492956-DEM10B-20161001.zip,1645,1684480,2016/10/01,/kiban/app/api/download/file/537549,ハウステンボス
611749,DEM1A,492956,FG-GML-492956-DEM1A-20250609.zip,168323,172362752,2025/06/09,/kiban/app/api/download/file/611749,ハウステンボス
616678,DEM5A,492956,FG-GML-492956-DEM5A-20250620.zip,7560,7741440,2025/06/20,/kiban/app/api/download/file/616678,ハウステンボス
536935,DEM10A,493012,FG-GML-493012-DEM10A-20161001.zip,1207,1235968,2016/10/01,/kiban/app/api/download/file/536935,島原城
537576,DEM10B,493012,FG-GML-493012-DEM10B-20161001.zip,1850,1894400,2016/10/01,/kiban/app/api/download/file/537576,島原城
685469,DEM1A,493012,FG-GML-493012-DEM1A-20251208.zip,113573,116298752,2025/12/08,/kiban/app/api/download/file/685469,島原城
686505,DEM5A,493012,FG-GML-493012-DEM5A-20251208.zip,6089,6235136,2025/12/08,/kiban/app/api/download/file/686505,島原城
537579,DEM10B,493015,FG-GML-493015-DEM10B-20161001.zip,925,947200,2016/10/01,/kiban/app/api/download/file/537579,熊本城
663516,DEM1A,493015,FG-GML-493015-DEM1A-20250908.zip,71949,73675776,2025/09/08,/kiban/app/api/download/file/663516,熊本城
662038,DEM5A,493015,FG-GML-493015-DEM5A-20250908.zip,4228,4329472,2025/09/08,/kiban/app/api/download/file/662038,熊本城
614905,DEM5B,493015,FG-GML-493015-DEM5B-20250609.zip,2838,2906112,2025/06/09,/kiban/app/api/download/file/614905,熊本城
537615,DEM10B,493062,FG-GML-493062-DEM10B-20161001.zip,178,182272,2016/10/01,/kiban/app/api/download/file/537615,佐賀城
611807,DEM1A,493062,FG-GML-493062-DEM1A-20250515.zip,74161,75940864,2025/05/15,/kiban/app/api/download/file/611807,佐賀城
616742,DEM5A,493062,FG-GML-493062-DEM5A-20250620.zip,4043,4140032,2025/06/20,/kiban/app/api/download/file/616742,佐賀城
729276,DEM5B,493062,FG-GML-493062-DEM5B-20091001.zip,3889,3982336,2009/10/01,/kiban/app/api/download/file/729276,佐賀城
537639,DEM10B,493112,FG-GML-493112-DEM10B-20161001.zip,2114,2164736,2016/10/01,/kiban/app/api/download/file/537639,祖母山
685484,DEM1A,493112,FG-GML-493112-DEM1A-20251208.zip,13035,13347840,2025/12/08,/kiban/app/api/download/file/685484,祖母山
686520,DEM5A,493112,FG-GML-493112-DEM5A-20251208.zip,8859,9071616,2025/12/08,/kiban/app/api/download/file/686520,祖母山
536937,DEM10A,493120,FG-GML-493120-DEM10A-20161001.zip,327,334848,2016/10/01,/kiban/app/api/download/file/536937,阿蘇山
537645,DEM10B,493120,FG-GML-493120-DEM10B-20161001.zip,1986,2033664,2016/10/01,/kiban/app/api/download/file/537645,阿蘇山
685485,DEM1A,493120,FG-GML-493120-DEM1A-20251208.zip,171167,175275008,2025/12/08,/kiban/app/api/download/file/685485,阿蘇山
686521,DEM5A,493120,FG-GML-493120-DEM5A-20251208.zip,8004,8196096,2025/12/08,/kiban/app/api/download/file/686521,阿蘇山
536938,DEM10A,493141,FG-GML-493141-DEM10A-20161001.zip,244,249856,2016/10/01,/kiban/app/api/download/file/536938,九重山（久住山）
537662,DEM10B,493141,FG-GML-493141-DEM10B-20161001.zip,1862,1906688,2016/10/01,/kiban/app/api/download/file/537662,九重山（久住山）
685496,DEM1A,493141,FG-GML-493141-DEM1A-20251208.zip,83074,85067776,2025/12/08,/kiban/app/api/download/file/685496,九重山（久住山）
686532,DEM5A,493141,FG-GML-493141-DEM5A-20251208.zip,6613,6771712,2025/12/08,/kiban/app/api/download/file/686532,九重山（久住山）
537681,DEM10B,493164,FG-GML-493164-DEM10B-20161001.zip,1386,1419264,2016/10/01,/kiban/app/api/download/file/537681,大分府内城跡
717705,DEM1A,493164,FG-GML-493164-DEM1A-20260522.zip,61846,63330304,2026/05/22,/kiban/app/api/download/file/717705,大分府内城跡
719963,DEM5A,493164,FG-GML-493164-DEM5A-20260522.zip,6923,7089152,2026/05/22,/kiban/app/api/download/file/719963,大分府内城跡
729288,DEM5B,493164,FG-GML-493164-DEM5B-20080331.zip,5240,5365760,2008/03/31,/kiban/app/api/download/file/729288,大分府内城跡
537689,DEM10B,493174,FG-GML-493174-DEM10B-20161001.zip,239,244736,2016/10/01,/kiban/app/api/download/file/537689,別府タワー
611845,DEM1A,493174,FG-GML-493174-DEM1A-20250515.zip,1180,1208320,2025/05/15,/kiban/app/api/download/file/611845,別府タワー
616816,DEM5A,493174,FG-GML-493174-DEM5A-20250620.zip,952,974848,2025/06/20,/kiban/app/api/download/file/616816,別府タワー
729292,DEM5B,493174,FG-GML-493174-DEM5B-20080331.zip,142,145408,2008/03/31,/kiban/app/api/download/file/729292,別府タワー
537731,DEM10B,493264,FG-GML-493264-DEM10B-20161001.zip,1730,1771520,2016/10/01,/kiban/app/api/download/file/537731,宇和島城
611874,DEM1A,493264,FG-GML-493264-DEM1A-20250515.zip,192715,197340160,2025/05/15,/kiban/app/api/download/file/611874,宇和島城
616858,DEM5A,493264,FG-GML-493264-DEM5A-20250620.zip,6192,6340608,2025/06/20,/kiban/app/api/download/file/616858,宇和島城
614941,DEM5B,493264,FG-GML-493264-DEM5B-20250609.zip,453,463872,2025/06/09,/kiban/app/api/download/file/614941,宇和島城
615839,DEM5C,493264,FG-GML-493264-DEM5C-20250605.zip,98,100352,2025/06/05,/kiban/app/api/download/file/615839,宇和島城
537761,DEM10B,502904,FG-GML-502904-DEM10B-20161001.zip,895,916480,2016/10/01,/kiban/app/api/download/file/537761,平戸城
611905,DEM1A,502904,FG-GML-502904-DEM1A-20250609.zip,56164,57511936,2025/06/09,/kiban/app/api/download/file/611905,平戸城
616888,DEM5A,502904,FG-GML-502904-DEM5A-20250620.zip,3110,3184640,2025/06/20,/kiban/app/api/download/file/616888,平戸城
614947,DEM5B,502904,FG-GML-502904-DEM5B-20250609.zip,13,13312,2025/06/09,/kiban/app/api/download/file/614947,平戸城
537769,DEM10B,502917,FG-GML-502917-DEM10B-20161001.zip,1312,1343488,2016/10/01,/kiban/app/api/download/file/537769,唐津城
611913,DEM1A,502917,FG-GML-502917-DEM1A-20250609.zip,148723,152292352,2025/06/09,/kiban/app/api/download/file/611913,唐津城
616896,DEM5A,502917,FG-GML-502917-DEM5A-20250620.zip,6507,6663168,2025/06/20,/kiban/app/api/download/file/616896,唐津城
615847,DEM5C,502917,FG-GML-502917-DEM5C-20250605.zip,87,89088,2025/06/05,/kiban/app/api/download/file/615847,唐津城
537811,DEM10B,503032,FG-GML-503032-DEM10B-20161001.zip,295,302080,2016/10/01,/kiban/app/api/download/file/537811,福岡タワー
611953,DEM1A,503032,FG-GML-503032-DEM1A-20250515.zip,35154,35997696,2025/05/15,/kiban/app/api/download/file/611953,福岡タワー
616936,DEM5A,503032,FG-GML-503032-DEM5A-20250620.zip,1049,1074176,2025/06/20,/kiban/app/api/download/file/616936,福岡タワー
614955,DEM5B,503032,FG-GML-503032-DEM5B-20250609.zip,1125,1152000,2025/06/09,/kiban/app/api/download/file/614955,福岡タワー
537812,DEM10B,503033,FG-GML-503033-DEM10B-20161001.zip,696,712704,2016/10/01,/kiban/app/api/download/file/537812,福岡城跡|センターマークスタワー
611954,DEM1A,503033,FG-GML-503033-DEM1A-20250515.zip,109060,111677440,2025/05/15,/kiban/app/api/download/file/611954,福岡城跡|センターマークスタワー
616937,DEM5A,503033,FG-GML-503033-DEM5A-20250620.zip,2888,2957312,2025/06/20,/kiban/app/api/download/file/616937,福岡城跡|センターマークスタワー
614956,DEM5B,503033,FG-GML-503033-DEM5B-20250609.zip,166,169984,2025/06/09,/kiban/app/api/download/file/614956,福岡城跡|センターマークスタワー
537898,DEM10B,503224,FG-GML-503224-DEM10B-20161001.zip,1748,1789952,2016/10/01,/kiban/app/api/download/file/537898,大洲城
612027,DEM1A,503224,FG-GML-503224-DEM1A-20250515.zip,206125,211072000,2025/05/15,/kiban/app/api/download/file/612027,大洲城
617022,DEM5A,503224,FG-GML-503224-DEM5A-20250620.zip,6512,6668288,2025/06/20,/kiban/app/api/download/file/617022,大洲城
614984,DEM5B,503224,FG-GML-503224-DEM5B-20250609.zip,1582,1619968,2025/06/09,/kiban/app/api/download/file/614984,大洲城
537927,DEM10B,503266,FG-GML-503266-DEM10B-20161001.zip,1828,1871872,2016/10/01,/kiban/app/api/download/file/537927,松山城（愛媛）
663568,DEM1A,503266,FG-GML-503266-DEM1A-20250908.zip,202794,207661056,2025/09/08,/kiban/app/api/download/file/663568,松山城（愛媛）
662090,DEM5A,503266,FG-GML-503266-DEM5A-20250908.zip,6789,6951936,2025/09/08,/kiban/app/api/download/file/662090,松山城（愛媛）
729353,DEM5B,503266,FG-GML-503266-DEM5B-20161001.zip,5196,5320704,2016/10/01,/kiban/app/api/download/file/729353,松山城（愛媛）
537951,DEM10B,503324,FG-GML-503324-DEM10B-20161001.zip,977,1000448,2016/10/01,/kiban/app/api/download/file/537951,高知城
717724,DEM1A,503324,FG-GML-503324-DEM1A-20260522.zip,133432,136634368,2026/05/22,/kiban/app/api/download/file/717724,高知城
719982,DEM5A,503324,FG-GML-503324-DEM5A-20260522.zip,5778,5916672,2026/05/22,/kiban/app/api/download/file/719982,高知城
729370,DEM5B,503324,FG-GML-503324-DEM5B-20161001.zip,329,336896,2016/10/01,/kiban/app/api/download/file/729370,高知城
537971,DEM10B,503350,FG-GML-503350-DEM10B-20161001.zip,2194,2246656,2016/10/01,/kiban/app/api/download/file/537971,石鎚山
663572,DEM1A,503350,FG-GML-503350-DEM1A-20250908.zip,199475,204262400,2025/09/08,/kiban/app/api/download/file/663572,石鎚山
662094,DEM5A,503350,FG-GML-503350-DEM5A-20250908.zip,8652,8859648,2025/09/08,/kiban/app/api/download/file/662094,石鎚山
538020,DEM10B,503460,FG-GML-503460-DEM10B-20161001.zip,2155,2206720,2016/10/01,/kiban/app/api/download/file/538020,剣山
612130,DEM1A,503460,FG-GML-503460-DEM1A-20250602.zip,133091,136285184,2025/06/02,/kiban/app/api/download/file/612130,剣山
617144,DEM5A,503460,FG-GML-503460-DEM5A-20250620.zip,9594,9824256,2025/06/20,/kiban/app/api/download/file/617144,剣山
538159,DEM10B,513153,FG-GML-513153-DEM10B-20161001.zip,1175,1203200,2016/10/01,/kiban/app/api/download/file/538159,萩城跡
663625,DEM1A,513153,FG-GML-513153-DEM1A-20250908.zip,30015,30735360,2025/09/08,/kiban/app/api/download/file/663625,萩城跡
662147,DEM5A,513153,FG-GML-513153-DEM5A-20250908.zip,1957,2003968,2025/09/08,/kiban/app/api/download/file/662147,萩城跡
538209,DEM10B,513243,FG-GML-513243-DEM10B-20161001.zip,755,773120,2016/10/01,/kiban/app/api/download/file/538209,グランクロスタワー広島
612291,DEM1A,513243,FG-GML-513243-DEM1A-20250502.zip,62456,63954944,2025/05/02,/kiban/app/api/download/file/612291,グランクロスタワー広島
617325,DEM5A,513243,FG-GML-513243-DEM5A-20250620.zip,3383,3464192,2025/06/20,/kiban/app/api/download/file/617325,グランクロスタワー広島
615041,DEM5B,513243,FG-GML-513243-DEM5B-20250609.zip,4,4096,2025/06/09,/kiban/app/api/download/file/615041,グランクロスタワー広島
538217,DEM10B,513253,FG-GML-513253-DEM10B-20161001.zip,1658,1697792,2016/10/01,/kiban/app/api/download/file/538217,銀山城跡
612299,DEM1A,513253,FG-GML-513253-DEM1A-20250502.zip,125354,128362496,2025/05/02,/kiban/app/api/download/file/612299,銀山城跡
617333,DEM5A,513253,FG-GML-513253-DEM5A-20250620.zip,6327,6478848,2025/06/20,/kiban/app/api/download/file/617333,銀山城跡
729491,DEM5B,513253,FG-GML-513253-DEM5B-20090901.zip,8305,8504320,2009/09/01,/kiban/app/api/download/file/729491,銀山城跡
538238,DEM10B,513300,FG-GML-513300-DEM10B-20161001.zip,287,293888,2016/10/01,/kiban/app/api/download/file/538238,今治城
612320,DEM1A,513300,FG-GML-513300-DEM1A-20250502.zip,27524,28184576,2025/05/02,/kiban/app/api/download/file/612320,今治城
617354,DEM5A,513300,FG-GML-513300-DEM5A-20250620.zip,1278,1308672,2025/06/20,/kiban/app/api/download/file/617354,今治城
538252,DEM10B,513320,FG-GML-513320-DEM10B-20161001.zip,1079,1104896,2016/10/01,/kiban/app/api/download/file/538252,能島城跡
612330,DEM1A,513320,FG-GML-513320-DEM1A-20250502.zip,117980,120811520,2025/05/02,/kiban/app/api/download/file/612330,能島城跡
617368,DEM5A,513320,FG-GML-513320-DEM5A-20250620.zip,3856,3948544,2025/06/20,/kiban/app/api/download/file/617368,能島城跡
538267,DEM10B,513340,FG-GML-513340-DEM10B-20161001.zip,1350,1382400,2016/10/01,/kiban/app/api/download/file/538267,三原城跡
612338,DEM1A,513340,FG-GML-513340-DEM1A-20250502.zip,159148,162967552,2025/05/02,/kiban/app/api/download/file/612338,三原城跡
617383,DEM5A,513340,FG-GML-513340-DEM5A-20250620.zip,6871,7035904,2025/06/20,/kiban/app/api/download/file/617383,三原城跡
729521,DEM5B,513340,FG-GML-513340-DEM5B-20161001.zip,1155,1182720,2016/10/01,/kiban/app/api/download/file/729521,三原城跡
538273,DEM10B,513346,FG-GML-513346-DEM10B-20161001.zip,285,291840,2016/10/01,/kiban/app/api/download/file/538273,瀬戸大橋タワー
663651,DEM1A,513346,FG-GML-513346-DEM1A-20250908.zip,3937,4031488,2025/09/08,/kiban/app/api/download/file/663651,瀬戸大橋タワー
662173,DEM5A,513346,FG-GML-513346-DEM5A-20250908.zip,1177,1205248,2025/09/08,/kiban/app/api/download/file/662173,瀬戸大橋タワー
538277,DEM10B,513352,FG-GML-513352-DEM10B-20161001.zip,1549,1586176,2016/10/01,/kiban/app/api/download/file/538277,福山城
612344,DEM1A,513352,FG-GML-513352-DEM1A-20250502.zip,107454,110032896,2025/05/02,/kiban/app/api/download/file/612344,福山城
617393,DEM5A,513352,FG-GML-513352-DEM5A-20250620.zip,5619,5753856,2025/06/20,/kiban/app/api/download/file/617393,福山城
729528,DEM5B,513352,FG-GML-513352-DEM5B-20180226.zip,990,1013760,2018/02/26,/kiban/app/api/download/file/729528,福山城
538298,DEM10B,513377,FG-GML-513377-DEM10B-20161001.zip,409,418816,2016/10/01,/kiban/app/api/download/file/538298,岡山城
663666,DEM1A,513377,FG-GML-513377-DEM1A-20250908.zip,42009,43017216,2025/09/08,/kiban/app/api/download/file/663666,岡山城
662188,DEM5A,513377,FG-GML-513377-DEM5A-20250908.zip,3061,3134464,2025/09/08,/kiban/app/api/download/file/662188,岡山城
729562,DEM5B,513377,FG-GML-513377-DEM5B-20100115.zip,4808,4923392,2010/01/15,/kiban/app/api/download/file/729562,岡山城
538303,DEM10B,513404,FG-GML-513404-DEM10B-20161001.zip,793,812032,2016/10/01,/kiban/app/api/download/file/538303,徳島城跡
612369,DEM1A,513404,FG-GML-513404-DEM1A-20250502.zip,43964,45019136,2025/05/02,/kiban/app/api/download/file/612369,徳島城跡
617419,DEM5A,513404,FG-GML-513404-DEM5A-20250620.zip,3997,4092928,2025/06/20,/kiban/app/api/download/file/617419,徳島城跡
615049,DEM5B,513404,FG-GML-513404-DEM5B-20250609.zip,1653,1692672,2025/06/09,/kiban/app/api/download/file/615049,徳島城跡
538328,DEM10B,513440,FG-GML-513440-DEM10B-20161001.zip,431,441344,2016/10/01,/kiban/app/api/download/file/538328,高松城|高松シンボルタワー
663676,DEM1A,513440,FG-GML-513440-DEM1A-20250908.zip,24288,24870912,2025/09/08,/kiban/app/api/download/file/663676,高松城|高松シンボルタワー
662198,DEM5A,513440,FG-GML-513440-DEM5A-20250908.zip,1795,1838080,2025/09/08,/kiban/app/api/download/file/662198,高松城|高松シンボルタワー
729580,DEM5B,513440,FG-GML-513440-DEM5B-20080331.zip,408,417792,2008/03/31,/kiban/app/api/download/file/729580,高松城|高松シンボルタワー
538350,DEM10B,513477,FG-GML-513477-DEM10B-20161001.zip,243,248832,2016/10/01,/kiban/app/api/download/file/538350,明石城
612399,DEM1A,513477,FG-GML-513477-DEM1A-20250502.zip,14935,15293440,2025/05/02,/kiban/app/api/download/file/612399,明石城
617466,DEM5A,513477,FG-GML-513477-DEM5A-20250620.zip,1036,1060864,2025/06/20,/kiban/app/api/download/file/617466,明石城
729586,DEM5B,513477,FG-GML-513477-DEM5B-20100801.zip,12,12288,2010/08/01,/kiban/app/api/download/file/729586,明石城
538371,DEM10B,513524,FG-GML-513524-DEM10B-20161001.zip,2043,2092032,2016/10/01,/kiban/app/api/download/file/538371,高野山 金剛峯寺
612418,DEM1A,513524,FG-GML-513524-DEM1A-20250502.zip,188527,193051648,2025/05/02,/kiban/app/api/download/file/612418,高野山 金剛峯寺
617487,DEM5A,513524,FG-GML-513524-DEM5A-20250620.zip,7876,8065024,2025/06/20,/kiban/app/api/download/file/617487,高野山 金剛峯寺
538374,DEM10B,513527,FG-GML-513527-DEM10B-20161001.zip,2217,2270208,2016/10/01,/kiban/app/api/download/file/538374,大峰山（弥山）
663698,DEM1A,513527,FG-GML-513527-DEM1A-20250828.zip,210705,215761920,2025/08/28,/kiban/app/api/download/file/663698,大峰山（弥山）
662220,DEM5A,513527,FG-GML-513527-DEM5A-20250828.zip,9340,9564160,2025/08/28,/kiban/app/api/download/file/662220,大峰山（弥山）
538391,DEM10B,513552,FG-GML-513552-DEM10B-20161001.zip,238,243712,2016/10/01,/kiban/app/api/download/file/538391,岸和田城
617507,DEM5A,513552,FG-GML-513552-DEM5A-20250620.zip,1487,1522688,2025/06/20,/kiban/app/api/download/file/617507,岸和田城
538400,DEM10B,513564,FG-GML-513564-DEM10B-20161001.zip,929,951296,2016/10/01,/kiban/app/api/download/file/538400,PLの塔（大平和祈念塔）
685604,DEM1A,513564,FG-GML-513564-DEM1A-20251208.zip,11384,11657216,2025/12/08,/kiban/app/api/download/file/685604,PLの塔（大平和祈念塔）
686640,DEM5A,513564,FG-GML-513564-DEM5A-20251208.zip,5937,6079488,2025/12/08,/kiban/app/api/download/file/686640,PLの塔（大平和祈念塔）
538407,DEM10B,513573,FG-GML-513573-DEM10B-20161001.zip,277,283648,2016/10/01,/kiban/app/api/download/file/538407,ユニバーサル・スタジオ・ジャパン|大阪府咲洲庁舎
617523,DEM5A,513573,FG-GML-513573-DEM5A-20250620.zip,3185,3261440,2025/06/20,/kiban/app/api/download/file/617523,ユニバーサル・スタジオ・ジャパン|大阪府咲洲庁舎
615069,DEM5B,513573,FG-GML-513573-DEM5B-20250609.zip,60,61440,2025/06/09,/kiban/app/api/download/file/615069,ユニバーサル・スタジオ・ジャパン|大阪府咲洲庁舎
538408,DEM10B,513574,FG-GML-513574-DEM10B-20161001.zip,334,342016,2016/10/01,/kiban/app/api/download/file/538408,あべのハルカス|通天閣
617524,DEM5A,513574,FG-GML-513574-DEM5A-20250620.zip,5115,5237760,2025/06/20,/kiban/app/api/download/file/617524,あべのハルカス|通天閣
538410,DEM10B,513576,FG-GML-513576-DEM10B-20161001.zip,1060,1085440,2016/10/01,/kiban/app/api/download/file/538410,大和郡山城
685608,DEM1A,513576,FG-GML-513576-DEM1A-20251208.zip,67491,69110784,2025/12/08,/kiban/app/api/download/file/685608,大和郡山城
686644,DEM5A,513576,FG-GML-513576-DEM5A-20251208.zip,5761,5899264,2025/12/08,/kiban/app/api/download/file/686644,大和郡山城
729645,DEM5B,513576,FG-GML-513576-DEM5B-20161001.zip,2502,2562048,2016/10/01,/kiban/app/api/download/file/729645,大和郡山城
538418,DEM10B,513620,FG-GML-513620-DEM10B-20161001.zip,2184,2236416,2016/10/01,/kiban/app/api/download/file/538418,大台ヶ原山
663715,DEM1A,513620,FG-GML-513620-DEM1A-20250828.zip,243482,249325568,2025/08/28,/kiban/app/api/download/file/663715,大台ヶ原山
662237,DEM5A,513620,FG-GML-513620-DEM5A-20250828.zip,9946,10184704,2025/08/28,/kiban/app/api/download/file/662237,大台ヶ原山
538438,DEM10B,513646,FG-GML-513646-DEM10B-20161001.zip,1621,1659904,2016/10/01,/kiban/app/api/download/file/538438,志摩スペイン村
717747,DEM1A,513646,FG-GML-513646-DEM1A-20260522.zip,1832,1875968,2026/05/22,/kiban/app/api/download/file/717747,志摩スペイン村
720005,DEM5A,513646,FG-GML-513646-DEM5A-20260522.zip,8246,8443904,2026/05/22,/kiban/app/api/download/file/720005,志摩スペイン村
615924,DEM5C,513646,FG-GML-513646-DEM5C-20250605.zip,998,1021952,2025/06/05,/kiban/app/api/download/file/615924,志摩スペイン村
538445,DEM10B,513655,FG-GML-513655-DEM10B-20161001.zip,1485,1520640,2016/10/01,/kiban/app/api/download/file/538445,田丸城跡
685625,DEM1A,513655,FG-GML-513655-DEM1A-20251208.zip,13250,13568000,2025/12/08,/kiban/app/api/download/file/685625,田丸城跡
686661,DEM5A,513655,FG-GML-513655-DEM5A-20251208.zip,7628,7811072,2025/12/08,/kiban/app/api/download/file/686661,田丸城跡
729658,DEM5C,513655,FG-GML-513655-DEM5C-20220124.zip,328,335872,2022/01/24,/kiban/app/api/download/file/729658,田丸城跡
538449,DEM10B,513661,FG-GML-513661-DEM10B-20161001.zip,2006,2054144,2016/10/01,/kiban/app/api/download/file/538449,曽爾高原
685627,DEM1A,513661,FG-GML-513661-DEM1A-20251208.zip,153107,156781568,2025/12/08,/kiban/app/api/download/file/685627,曽爾高原
686663,DEM5A,513661,FG-GML-513661-DEM5A-20251208.zip,8361,8561664,2025/12/08,/kiban/app/api/download/file/686663,曽爾高原
538454,DEM10B,513666,FG-GML-513666-DEM10B-20161001.zip,183,187392,2016/10/01,/kiban/app/api/download/file/538454,夫婦岩（三重県）
617570,DEM5A,513666,FG-GML-513666-DEM5A-20250620.zip,711,728064,2025/06/20,/kiban/app/api/download/file/617570,夫婦岩（三重県）
615930,DEM5C,513666,FG-GML-513666-DEM5C-20250605.zip,531,543744,2025/06/05,/kiban/app/api/download/file/615930,夫婦岩（三重県）
538463,DEM10B,513760,FG-GML-513760-DEM10B-20161001.zip,64,65536,2016/10/01,/kiban/app/api/download/file/538463,日出の石門（愛知県）
617579,DEM5A,513760,FG-GML-513760-DEM5A-20250620.zip,108,110592,2025/06/20,/kiban/app/api/download/file/617579,日出の石門（愛知県）
615076,DEM5B,513760,FG-GML-513760-DEM5B-20250609.zip,2,2048,2025/06/09,/kiban/app/api/download/file/615076,日出の石門（愛知県）
538565,DEM10B,523314,FG-GML-523314-DEM10B-20161001.zip,1893,1938432,2016/10/01,/kiban/app/api/download/file/538565,備中松山城
612567,DEM1A,523314,FG-GML-523314-DEM1A-20250606.zip,216483,221678592,2025/06/06,/kiban/app/api/download/file/612567,備中松山城
617676,DEM5A,523314,FG-GML-523314-DEM5A-20250620.zip,6958,7124992,2025/06/20,/kiban/app/api/download/file/617676,備中松山城
729706,DEM5B,523314,FG-GML-523314-DEM5B-20170314.zip,4476,4583424,2017/03/14,/kiban/app/api/download/file/729706,備中松山城
538638,DEM10B,523425,FG-GML-523425-DEM10B-20161001.zip,1421,1455104,2016/10/01,/kiban/app/api/download/file/538638,姫路城
612628,DEM1A,523425,FG-GML-523425-DEM1A-20250606.zip,139034,142370816,2025/06/06,/kiban/app/api/download/file/612628,姫路城
617749,DEM5A,523425,FG-GML-523425-DEM5A-20250620.zip,7783,7969792,2025/06/20,/kiban/app/api/download/file/617749,姫路城
538649,DEM10B,523440,FG-GML-523440-DEM10B-20161001.zip,1584,1622016,2016/10/01,/kiban/app/api/download/file/538649,津山城
663820,DEM1A,523440,FG-GML-523440-DEM1A-20250908.zip,107750,110336000,2025/09/08,/kiban/app/api/download/file/663820,津山城
662342,DEM5A,523440,FG-GML-523440-DEM5A-20250908.zip,5721,5858304,2025/09/08,/kiban/app/api/download/file/662342,津山城
538679,DEM10B,523476,FG-GML-523476-DEM10B-20161001.zip,1963,2010112,2016/10/01,/kiban/app/api/download/file/538679,竹田城跡
663846,DEM1A,523476,FG-GML-523476-DEM1A-20250828.zip,147708,151252992,2025/08/28,/kiban/app/api/download/file/663846,竹田城跡
662368,DEM5A,523476,FG-GML-523476-DEM5A-20250828.zip,7086,7256064,2025/08/28,/kiban/app/api/download/file/662368,竹田城跡
538682,DEM10B,523501,FG-GML-523501-DEM10B-20161001.zip,1480,1515520,2016/10/01,/kiban/app/api/download/file/538682,シティタワー神戸三宮|D'グラフォート神戸三宮タワー|神戸ポートタワー
685644,DEM1A,523501,FG-GML-523501-DEM1A-20251208.zip,88741,90870784,2025/12/08,/kiban/app/api/download/file/685644,シティタワー神戸三宮|D'グラフォート神戸三宮タワー|神戸ポートタワー
686680,DEM5A,523501,FG-GML-523501-DEM5A-20251208.zip,5485,5616640,2025/12/08,/kiban/app/api/download/file/686680,シティタワー神戸三宮|D'グラフォート神戸三宮タワー|神戸ポートタワー
615106,DEM5B,523501,FG-GML-523501-DEM5B-20250609.zip,11,11264,2025/06/09,/kiban/app/api/download/file/615106,シティタワー神戸三宮|D'グラフォート神戸三宮タワー|神戸ポートタワー
538684,DEM10B,523503,FG-GML-523503-DEM10B-20161001.zip,286,292864,2016/10/01,/kiban/app/api/download/file/538684,梅田スカイビル
617795,DEM5A,523503,FG-GML-523503-DEM5A-20250620.zip,3481,3564544,2025/06/20,/kiban/app/api/download/file/617795,梅田スカイビル
615108,DEM5B,523503,FG-GML-523503-DEM5B-20250609.zip,30,30720,2025/06/09,/kiban/app/api/download/file/615108,梅田スカイビル
538685,DEM10B,523504,FG-GML-523504-DEM10B-20161001.zip,294,301056,2016/10/01,/kiban/app/api/download/file/538685,大阪城|HEP FIVE観覧車
617796,DEM5A,523504,FG-GML-523504-DEM5A-20250620.zip,4776,4890624,2025/06/20,/kiban/app/api/download/file/617796,大阪城|HEP FIVE観覧車
538694,DEM10B,523515,FG-GML-523515-DEM10B-20161001.zip,1408,1441792,2016/10/01,/kiban/app/api/download/file/538694,ひらかたパーク
685651,DEM1A,523515,FG-GML-523515-DEM1A-20251208.zip,111978,114665472,2025/12/08,/kiban/app/api/download/file/685651,ひらかたパーク
686687,DEM5A,523515,FG-GML-523515-DEM5A-20251208.zip,5955,6097920,2025/12/08,/kiban/app/api/download/file/686687,ひらかたパーク
729761,DEM5B,523515,FG-GML-523515-DEM5B-20161001.zip,4087,4185088,2016/10/01,/kiban/app/api/download/file/729761,ひらかたパーク
538711,DEM10B,523536,FG-GML-523536-DEM10B-20161001.zip,1594,1632256,2016/10/01,/kiban/app/api/download/file/538711,京都タワー
663859,DEM1A,523536,FG-GML-523536-DEM1A-20250908.zip,141549,144946176,2025/09/08,/kiban/app/api/download/file/663859,京都タワー
662380,DEM5A,523536,FG-GML-523536-DEM5A-20250908.zip,5915,6056960,2025/09/08,/kiban/app/api/download/file/662380,京都タワー
615116,DEM5B,523536,FG-GML-523536-DEM5B-20250609.zip,67,68608,2025/06/09,/kiban/app/api/download/file/615116,京都タワー
538714,DEM10B,523541,FG-GML-523541-DEM10B-20161001.zip,1712,1753088,2016/10/01,/kiban/app/api/download/file/538714,丹波篠山城跡
685657,DEM1A,523541,FG-GML-523541-DEM1A-20251208.zip,165042,169003008,2025/12/08,/kiban/app/api/download/file/685657,丹波篠山城跡
686693,DEM5A,523541,FG-GML-523541-DEM5A-20251208.zip,7367,7543808,2025/12/08,/kiban/app/api/download/file/686693,丹波篠山城跡
615118,DEM5B,523541,FG-GML-523541-DEM5B-20250609.zip,2443,2501632,2025/06/09,/kiban/app/api/download/file/615118,丹波篠山城跡
538718,DEM10B,523545,FG-GML-523545-DEM10B-20161001.zip,1740,1781760,2016/10/01,/kiban/app/api/download/file/538718,二条城
663866,DEM1A,523545,FG-GML-523545-DEM1A-20250908.zip,171078,175183872,2025/09/08,/kiban/app/api/download/file/663866,二条城
662387,DEM5A,523545,FG-GML-523545-DEM5A-20250908.zip,6823,6986752,2025/09/08,/kiban/app/api/download/file/662387,二条城
615122,DEM5B,523545,FG-GML-523545-DEM5B-20250609.zip,1331,1362944,2025/06/09,/kiban/app/api/download/file/615122,二条城
538738,DEM10B,523571,FG-GML-523571-DEM10B-20161001.zip,1551,1588224,2016/10/01,/kiban/app/api/download/file/538738,福知山城
663881,DEM1A,523571,FG-GML-523571-DEM1A-20250828.zip,154735,158448640,2025/08/28,/kiban/app/api/download/file/663881,福知山城
662402,DEM5A,523571,FG-GML-523571-DEM5A-20250828.zip,5778,5916672,2025/08/28,/kiban/app/api/download/file/662402,福知山城
538749,DEM10B,523604,FG-GML-523604-DEM10B-20161001.zip,190,194560,2016/10/01,/kiban/app/api/download/file/538749,津城跡
717768,DEM1A,523604,FG-GML-523604-DEM1A-20260522.zip,58,59392,2026/05/22,/kiban/app/api/download/file/717768,津城跡
720026,DEM5A,523604,FG-GML-523604-DEM5A-20260522.zip,1408,1441792,2026/05/22,/kiban/app/api/download/file/720026,津城跡
538751,DEM10B,523607,FG-GML-523607-DEM10B-20161001.zip,582,595968,2016/10/01,/kiban/app/api/download/file/538751,上陸大師像（愛知県）
612727,DEM1A,523607,FG-GML-523607-DEM1A-20250613.zip,649,664576,2025/06/13,/kiban/app/api/download/file/612727,上陸大師像（愛知県）
617862,DEM5A,523607,FG-GML-523607-DEM5A-20250620.zip,2685,2749440,2025/06/20,/kiban/app/api/download/file/617862,上陸大師像（愛知県）
615127,DEM5B,523607,FG-GML-523607-DEM5B-20250609.zip,2,2048,2025/06/09,/kiban/app/api/download/file/615127,上陸大師像（愛知県）
538753,DEM10B,523611,FG-GML-523611-DEM10B-20161001.zip,1517,1553408,2016/10/01,/kiban/app/api/download/file/538753,伊賀上野城
612729,DEM1A,523611,FG-GML-523611-DEM1A-20250613.zip,147627,151170048,2025/06/13,/kiban/app/api/download/file/612729,伊賀上野城
617864,DEM5A,523611,FG-GML-523611-DEM5A-20250620.zip,5036,5156864,2025/06/20,/kiban/app/api/download/file/617864,伊賀上野城
729803,DEM5B,523611,FG-GML-523611-DEM5B-20161001.zip,5856,5996544,2016/10/01,/kiban/app/api/download/file/729803,伊賀上野城
538780,DEM10B,523645,FG-GML-523645-DEM10B-20161001.zip,611,625664,2016/10/01,/kiban/app/api/download/file/538780,ナガシマスパーランド|スチールドラゴン2000
685664,DEM1A,523645,FG-GML-523645-DEM1A-20251208.zip,16413,16806912,2025/12/08,/kiban/app/api/download/file/685664,ナガシマスパーランド|スチールドラゴン2000
686700,DEM5A,523645,FG-GML-523645-DEM5A-20251208.zip,4233,4334592,2025/12/08,/kiban/app/api/download/file/686700,ナガシマスパーランド|スチールドラゴン2000
729848,DEM5B,523645,FG-GML-523645-DEM5B-20100625.zip,2258,2312192,2010/06/25,/kiban/app/api/download/file/729848,ナガシマスパーランド|スチールドラゴン2000
538781,DEM10B,523646,FG-GML-523646-DEM10B-20161001.zip,272,278528,2016/10/01,/kiban/app/api/download/file/538781,レゴランド・ジャパン
612752,DEM1A,523646,FG-GML-523646-DEM1A-20250613.zip,10708,10964992,2025/06/13,/kiban/app/api/download/file/612752,レゴランド・ジャパン
617892,DEM5A,523646,FG-GML-523646-DEM5A-20250620.zip,2664,2727936,2025/06/20,/kiban/app/api/download/file/617892,レゴランド・ジャパン
729852,DEM5B,523646,FG-GML-523646-DEM5B-20190701.zip,451,461824,2019/07/01,/kiban/app/api/download/file/729852,レゴランド・ジャパン
538797,DEM10B,523666,FG-GML-523666-DEM10B-20161001.zip,291,297984,2016/10/01,/kiban/app/api/download/file/538797,清州城天主閣（模擬天守）|清洲古城跡公園（史跡・本来の城跡）
617908,DEM5A,523666,FG-GML-523666-DEM5A-20250620.zip,3968,4063232,2025/06/20,/kiban/app/api/download/file/617908,清州城天主閣（模擬天守）|清洲古城跡公園（史跡・本来の城跡）
538798,DEM10B,523667,FG-GML-523667-DEM10B-20161001.zip,610,624640,2016/10/01,/kiban/app/api/download/file/538798,名古屋城|ミッドランドスクエア|名古屋ルーセントタワー|大名古屋ビルヂング|JRセントラルタワーズ|中部電力 MIRAI TOWER（名古屋テレビ塔）|Sky-Boat
617909,DEM5A,523667,FG-GML-523667-DEM5A-20250620.zip,3801,3892224,2025/06/20,/kiban/app/api/download/file/617909,名古屋城|ミッドランドスクエア|名古屋ルーセントタワー|大名古屋ビルヂング|JRセントラルタワーズ|中部電力 MIRAI TOWER（名古屋テレビ塔）|Sky-Boat
729873,DEM5B,523667,FG-GML-523667-DEM5B-20100115.zip,670,686080,2010/01/15,/kiban/app/api/download/file/729873,名古屋城|ミッドランドスクエア|名古屋ルーセントタワー|大名古屋ビルヂング|JRセントラルタワーズ|中部電力 MIRAI TOWER（名古屋テレビ塔）|Sky-Boat
538801,DEM10B,523672,FG-GML-523672-DEM10B-20161001.zip,1640,1679360,2016/10/01,/kiban/app/api/download/file/538801,彦根城
612767,DEM1A,523672,FG-GML-523672-DEM1A-20250613.zip,157933,161723392,2025/06/13,/kiban/app/api/download/file/612767,彦根城
617912,DEM5A,523672,FG-GML-523672-DEM5A-20250620.zip,7120,7290880,2025/06/20,/kiban/app/api/download/file/617912,彦根城
615134,DEM5B,523672,FG-GML-523672-DEM5B-20250609.zip,4,4096,2025/06/09,/kiban/app/api/download/file/615134,彦根城
538806,DEM10B,523677,FG-GML-523677-DEM10B-20161001.zip,752,770048,2016/10/01,/kiban/app/api/download/file/538806,小牧山城跡
612772,DEM1A,523677,FG-GML-523677-DEM1A-20250613.zip,6053,6198272,2025/06/13,/kiban/app/api/download/file/612772,小牧山城跡
617917,DEM5A,523677,FG-GML-523677-DEM5A-20250620.zip,5473,5604352,2025/06/20,/kiban/app/api/download/file/617917,小牧山城跡
729880,DEM5B,523677,FG-GML-523677-DEM5B-20100115.zip,713,730112,2010/01/15,/kiban/app/api/download/file/729880,小牧山城跡
538810,DEM10B,523703,FG-GML-523703-DEM10B-20161001.zip,1164,1191936,2016/10/01,/kiban/app/api/download/file/538810,岩屋観世音菩薩像（愛知県）
717776,DEM1A,523703,FG-GML-523703-DEM1A-20260616.zip,118900,121753600,2026/06/16,/kiban/app/api/download/file/717776,岩屋観世音菩薩像（愛知県）
720034,DEM5A,523703,FG-GML-523703-DEM5A-20260616.zip,6052,6197248,2026/06/16,/kiban/app/api/download/file/720034,岩屋観世音菩薩像（愛知県）
729884,DEM5B,523703,FG-GML-523703-DEM5B-20090901.zip,6229,6378496,2009/09/01,/kiban/app/api/download/file/729884,岩屋観世音菩薩像（愛知県）
538812,DEM10B,523705,FG-GML-523705-DEM10B-20161001.zip,600,614400,2016/10/01,/kiban/app/api/download/file/538812,浜松城|アクトタワー（浜松）
612778,DEM1A,523705,FG-GML-523705-DEM1A-20250613.zip,122611,125553664,2025/06/13,/kiban/app/api/download/file/612778,浜松城|アクトタワー（浜松）
617923,DEM5A,523705,FG-GML-523705-DEM5A-20250620.zip,5732,5869568,2025/06/20,/kiban/app/api/download/file/617923,浜松城|アクトタワー（浜松）
729885,DEM5B,523705,FG-GML-523705-DEM5B-20100122.zip,4517,4625408,2010/01/22,/kiban/app/api/download/file/729885,浜松城|アクトタワー（浜松）
538818,DEM10B,523713,FG-GML-523713-DEM10B-20161001.zip,1203,1231872,2016/10/01,/kiban/app/api/download/file/538818,吉田城
717778,DEM1A,523713,FG-GML-523713-DEM1A-20260616.zip,98235,100592640,2026/06/16,/kiban/app/api/download/file/717778,吉田城
720036,DEM5A,523713,FG-GML-523713-DEM5A-20260616.zip,5850,5990400,2026/06/16,/kiban/app/api/download/file/720036,吉田城
729891,DEM5B,523713,FG-GML-523713-DEM5B-20090901.zip,6518,6674432,2009/09/01,/kiban/app/api/download/file/729891,吉田城
538832,DEM10B,523731,FG-GML-523731-DEM10B-20161001.zip,1264,1294336,2016/10/01,/kiban/app/api/download/file/538832,岡崎城
612797,DEM1A,523731,FG-GML-523731-DEM1A-20250613.zip,87371,89467904,2025/06/13,/kiban/app/api/download/file/612797,岡崎城
617943,DEM5A,523731,FG-GML-523731-DEM5A-20250620.zip,5469,5600256,2025/06/20,/kiban/app/api/download/file/617943,岡崎城
538871,DEM10B,523800,FG-GML-523800-DEM10B-20161001.zip,1348,1380352,2016/10/01,/kiban/app/api/download/file/538871,高天神城跡
612831,DEM1A,523800,FG-GML-523800-DEM1A-20250613.zip,171523,175639552,2025/06/13,/kiban/app/api/download/file/612831,高天神城跡
617982,DEM5A,523800,FG-GML-523800-DEM5A-20250620.zip,7541,7721984,2025/06/20,/kiban/app/api/download/file/617982,高天神城跡
538876,DEM10B,523807,FG-GML-523807-DEM10B-20161001.zip,1674,1714176,2016/10/01,/kiban/app/api/download/file/538876,下田城跡
612836,DEM1A,523807,FG-GML-523807-DEM1A-20250613.zip,190927,195509248,2025/06/13,/kiban/app/api/download/file/612836,下田城跡
617987,DEM5A,523807,FG-GML-523807-DEM5A-20250620.zip,6432,6586368,2025/06/20,/kiban/app/api/download/file/617987,下田城跡
538877,DEM10B,523810,FG-GML-523810-DEM10B-20161001.zip,1571,1608704,2016/10/01,/kiban/app/api/download/file/538877,掛川城
612837,DEM1A,523810,FG-GML-523810-DEM1A-20250613.zip,187217,191710208,2025/06/13,/kiban/app/api/download/file/612837,掛川城
617988,DEM5A,523810,FG-GML-523810-DEM5A-20250620.zip,8141,8336384,2025/06/20,/kiban/app/api/download/file/617988,掛川城
538891,DEM10B,523833,FG-GML-523833-DEM10B-20161001.zip,745,762880,2016/10/01,/kiban/app/api/download/file/538891,駿府城
612851,DEM1A,523833,FG-GML-523833-DEM1A-20250613.zip,92082,94291968,2025/06/13,/kiban/app/api/download/file/612851,駿府城
618002,DEM5A,523833,FG-GML-523833-DEM5A-20250620.zip,4246,4347904,2025/06/20,/kiban/app/api/download/file/618002,駿府城
615150,DEM5B,523833,FG-GML-523833-DEM5B-20250609.zip,2,2048,2025/06/09,/kiban/app/api/download/file/615150,駿府城
536948,DEM10A,523854,FG-GML-523854-DEM10A-20161001.zip,35,35840,2016/10/01,/kiban/app/api/download/file/536948,Fuji Sky View
538906,DEM10B,523854,FG-GML-523854-DEM10B-20161001.zip,1593,1631232,2016/10/01,/kiban/app/api/download/file/538906,Fuji Sky View
717789,DEM1A,523854,FG-GML-523854-DEM1A-20260616.zip,168422,172464128,2026/06/16,/kiban/app/api/download/file/717789,Fuji Sky View
720047,DEM5A,523854,FG-GML-523854-DEM5A-20260616.zip,7469,7648256,2026/06/16,/kiban/app/api/download/file/720047,Fuji Sky View
615156,DEM5B,523854,FG-GML-523854-DEM5B-20250609.zip,2439,2497536,2025/06/09,/kiban/app/api/download/file/615156,Fuji Sky View
536963,DEM10A,523920,FG-GML-523920-DEM10A-20161001.zip,1729,1770496,2016/10/01,/kiban/app/api/download/file/536963,天城山
538932,DEM10B,523920,FG-GML-523920-DEM10B-20161001.zip,1807,1850368,2016/10/01,/kiban/app/api/download/file/538932,天城山
612892,DEM1A,523920,FG-GML-523920-DEM1A-20250613.zip,190556,195129344,2025/06/13,/kiban/app/api/download/file/612892,天城山
618043,DEM5A,523920,FG-GML-523920-DEM5A-20250620.zip,6163,6310912,2025/06/20,/kiban/app/api/download/file/618043,天城山
615159,DEM5B,523920,FG-GML-523920-DEM5B-20250609.zip,99,101376,2025/06/09,/kiban/app/api/download/file/615159,天城山
538944,DEM10B,523950,FG-GML-523950-DEM10B-20161001.zip,1688,1728512,2016/10/01,/kiban/app/api/download/file/538944,熱海城
612899,DEM1A,523950,FG-GML-523950-DEM1A-20250613.zip,176965,181212160,2025/06/13,/kiban/app/api/download/file/612899,熱海城
618055,DEM5A,523950,FG-GML-523950-DEM5A-20250620.zip,5724,5861376,2025/06/20,/kiban/app/api/download/file/618055,熱海城
615163,DEM5B,523950,FG-GML-523950-DEM5B-20250609.zip,110,112640,2025/06/09,/kiban/app/api/download/file/615163,熱海城
538957,DEM10B,523971,FG-GML-523971-DEM10B-20161001.zip,1018,1042432,2016/10/01,/kiban/app/api/download/file/538957,小田原城
612912,DEM1A,523971,FG-GML-523971-DEM1A-20250613.zip,83779,85789696,2025/06/13,/kiban/app/api/download/file/612912,小田原城
618068,DEM5A,523971,FG-GML-523971-DEM5A-20250620.zip,3822,3913728,2025/06/20,/kiban/app/api/download/file/618068,小田原城
615168,DEM5B,523971,FG-GML-523971-DEM5B-20250609.zip,418,428032,2025/06/09,/kiban/app/api/download/file/615168,小田原城
538986,DEM10B,533301,FG-GML-533301-DEM10B-20161001.zip,1709,1750016,2016/10/01,/kiban/app/api/download/file/538986,月山富田城跡
663894,DEM1A,533301,FG-GML-533301-DEM1A-20250908.zip,165463,169434112,2025/09/08,/kiban/app/api/download/file/663894,月山富田城跡
662414,DEM5A,533301,FG-GML-533301-DEM5A-20250908.zip,8891,9104384,2025/09/08,/kiban/app/api/download/file/662414,月山富田城跡
615179,DEM5B,533301,FG-GML-533301-DEM5B-20250609.zip,2748,2813952,2025/06/09,/kiban/app/api/download/file/615179,月山富田城跡
538989,DEM10B,533304,FG-GML-533304-DEM10B-20161001.zip,2109,2159616,2016/10/01,/kiban/app/api/download/file/538989,大山（鳥取・弥山）
663896,DEM1A,533304,FG-GML-533304-DEM1A-20250908.zip,218805,224056320,2025/09/08,/kiban/app/api/download/file/663896,大山（鳥取・弥山）
662416,DEM5A,533304,FG-GML-533304-DEM5A-20250908.zip,7730,7915520,2025/09/08,/kiban/app/api/download/file/662416,大山（鳥取・弥山）
538992,DEM10B,533307,FG-GML-533307-DEM10B-20161001.zip,2055,2104320,2016/10/01,/kiban/app/api/download/file/538992,三徳山三佛寺 投入堂
685701,DEM1A,533307,FG-GML-533307-DEM1A-20251208.zip,219657,224928768,2025/12/08,/kiban/app/api/download/file/685701,三徳山三佛寺 投入堂
686737,DEM5A,533307,FG-GML-533307-DEM5A-20251208.zip,7273,7447552,2025/12/08,/kiban/app/api/download/file/686737,三徳山三佛寺 投入堂
538993,DEM10B,533310,FG-GML-533310-DEM10B-20161001.zip,1072,1097728,2016/10/01,/kiban/app/api/download/file/538993,松江城
663899,DEM1A,533310,FG-GML-533310-DEM1A-20250908.zip,7563,7744512,2025/09/08,/kiban/app/api/download/file/663899,松江城
662419,DEM5A,533310,FG-GML-533310-DEM5A-20250908.zip,6325,6476800,2025/09/08,/kiban/app/api/download/file/662419,松江城
729954,DEM5B,533310,FG-GML-533310-DEM5B-20101101.zip,1159,1186816,2010/11/01,/kiban/app/api/download/file/729954,松江城
538995,DEM10B,533312,FG-GML-533312-DEM10B-20161001.zip,337,345088,2016/10/01,/kiban/app/api/download/file/538995,米子城跡
663901,DEM1A,533312,FG-GML-533312-DEM1A-20250908.zip,19631,20102144,2025/09/08,/kiban/app/api/download/file/663901,米子城跡
662421,DEM5A,533312,FG-GML-533312-DEM5A-20250908.zip,3704,3792896,2025/09/08,/kiban/app/api/download/file/662421,米子城跡
615182,DEM5B,533312,FG-GML-533312-DEM5B-20250609.zip,530,542720,2025/06/09,/kiban/app/api/download/file/615182,米子城跡
539027,DEM10B,533416,FG-GML-533416-DEM10B-20161001.zip,1611,1649664,2016/10/01,/kiban/app/api/download/file/539027,出石城跡
663915,DEM1A,533416,FG-GML-533416-DEM1A-20250828.zip,163546,167471104,2025/08/28,/kiban/app/api/download/file/663915,出石城跡
662435,DEM5A,533416,FG-GML-533416-DEM5A-20250828.zip,7711,7896064,2025/08/28,/kiban/app/api/download/file/662435,出石城跡
539030,DEM10B,533421,FG-GML-533421-DEM10B-20161001.zip,475,486400,2016/10/01,/kiban/app/api/download/file/539030,鳥取城跡
612960,DEM1A,533421,FG-GML-533421-DEM1A-20250613.zip,63680,65208320,2025/06/13,/kiban/app/api/download/file/612960,鳥取城跡
618138,DEM5A,533421,FG-GML-533421-DEM5A-20250620.zip,2993,3064832,2025/06/20,/kiban/app/api/download/file/618138,鳥取城跡
615195,DEM5B,533421,FG-GML-533421-DEM5B-20250609.zip,2590,2652160,2025/06/09,/kiban/app/api/download/file/615195,鳥取城跡
539091,DEM10B,533604,FG-GML-533604-DEM10B-20161001.zip,966,989184,2016/10/01,/kiban/app/api/download/file/539091,大垣城
717826,DEM1A,533604,FG-GML-533604-DEM1A-20260616.zip,1352,1384448,2026/06/16,/kiban/app/api/download/file/717826,大垣城
720084,DEM5A,533604,FG-GML-533604-DEM5A-20260616.zip,6469,6624256,2026/06/16,/kiban/app/api/download/file/720084,大垣城
615204,DEM5B,533604,FG-GML-533604-DEM5B-20250609.zip,192,196608,2025/06/09,/kiban/app/api/download/file/615204,大垣城
539092,DEM10B,533605,FG-GML-533605-DEM10B-20161001.zip,265,271360,2016/10/01,/kiban/app/api/download/file/539092,墨俣一夜城
717827,DEM1A,533605,FG-GML-533605-DEM1A-20260616.zip,12397,12694528,2026/06/16,/kiban/app/api/download/file/717827,墨俣一夜城
720085,DEM5A,533605,FG-GML-533605-DEM5A-20260616.zip,4866,4982784,2026/06/16,/kiban/app/api/download/file/720085,墨俣一夜城
729964,DEM5B,533605,FG-GML-533605-DEM5B-20090901.zip,2055,2104320,2009/09/01,/kiban/app/api/download/file/729964,墨俣一夜城
539093,DEM10B,533606,FG-GML-533606-DEM10B-20161001.zip,460,471040,2016/10/01,/kiban/app/api/download/file/539093,岐阜シティ・タワー43|ツインアーチ138（138タワーパーク）
717828,DEM1A,533606,FG-GML-533606-DEM1A-20260616.zip,27191,27843584,2026/06/16,/kiban/app/api/download/file/717828,岐阜シティ・タワー43|ツインアーチ138（138タワーパーク）
720086,DEM5A,533606,FG-GML-533606-DEM5A-20260616.zip,4199,4299776,2026/06/16,/kiban/app/api/download/file/720086,岐阜シティ・タワー43|ツインアーチ138（138タワーパーク）
729965,DEM5B,533606,FG-GML-533606-DEM5B-20090901.zip,2143,2194432,2009/09/01,/kiban/app/api/download/file/729965,岐阜シティ・タワー43|ツインアーチ138（138タワーパーク）
539094,DEM10B,533607,FG-GML-533607-DEM10B-20161001.zip,1089,1115136,2016/10/01,/kiban/app/api/download/file/539094,犬山城
717829,DEM1A,533607,FG-GML-533607-DEM1A-20260616.zip,56162,57509888,2026/06/16,/kiban/app/api/download/file/717829,犬山城
720087,DEM5A,533607,FG-GML-533607-DEM5A-20260616.zip,5048,5169152,2026/06/16,/kiban/app/api/download/file/720087,犬山城
729966,DEM5B,533607,FG-GML-533607-DEM5B-20090901.zip,3289,3367936,2009/09/01,/kiban/app/api/download/file/729966,犬山城
539098,DEM10B,533613,FG-GML-533613-DEM10B-20161001.zip,2150,2201600,2016/10/01,/kiban/app/api/download/file/539098,伊吹山
613009,DEM1A,533613,FG-GML-533613-DEM1A-20250611.zip,217982,223213568,2025/06/11,/kiban/app/api/download/file/613009,伊吹山
618205,DEM5A,533613,FG-GML-533613-DEM5A-20250620.zip,7675,7859200,2025/06/20,/kiban/app/api/download/file/618205,伊吹山
539101,DEM10B,533616,FG-GML-533616-DEM10B-20161001.zip,1289,1319936,2016/10/01,/kiban/app/api/download/file/539101,岐阜城
717832,DEM1A,533616,FG-GML-533616-DEM1A-20260616.zip,94860,97136640,2026/06/16,/kiban/app/api/download/file/717832,岐阜城
720090,DEM5A,533616,FG-GML-533616-DEM5A-20260616.zip,5115,5237760,2026/06/16,/kiban/app/api/download/file/720090,岐阜城
729968,DEM5B,533616,FG-GML-533616-DEM5B-20090901.zip,7219,7392256,2009/09/01,/kiban/app/api/download/file/729968,岐阜城
539114,DEM10B,533633,FG-GML-533633-DEM10B-20161001.zip,2140,2191360,2016/10/01,/kiban/app/api/download/file/539114,藤橋城（西美濃プラネタリウム）
613024,DEM1A,533633,FG-GML-533633-DEM1A-20250611.zip,203833,208724992,2025/06/11,/kiban/app/api/download/file/613024,藤橋城（西美濃プラネタリウム）
618221,DEM5A,533633,FG-GML-533633-DEM5A-20250620.zip,8081,8274944,2025/06/20,/kiban/app/api/download/file/618221,藤橋城（西美濃プラネタリウム）
539134,DEM10B,533657,FG-GML-533657-DEM10B-20161001.zip,1995,2042880,2016/10/01,/kiban/app/api/download/file/539134,郡上八幡城
685737,DEM1A,533657,FG-GML-533657-DEM1A-20251208.zip,94729,97002496,2025/12/08,/kiban/app/api/download/file/685737,郡上八幡城
686773,DEM5A,533657,FG-GML-533657-DEM5A-20251208.zip,7257,7431168,2025/12/08,/kiban/app/api/download/file/686773,郡上八幡城
539146,DEM10B,533673,FG-GML-533673-DEM10B-20161001.zip,1839,1883136,2016/10/01,/kiban/app/api/download/file/539146,越前大野城
717842,DEM1A,533673,FG-GML-533673-DEM1A-20260603.zip,59383,60808192,2026/06/03,/kiban/app/api/download/file/717842,越前大野城
720100,DEM5A,533673,FG-GML-533673-DEM5A-20260603.zip,7175,7347200,2026/06/03,/kiban/app/api/download/file/720100,越前大野城
547607,DEM5C,533673,FG-GML-533673-DEM5C-20220124.zip,152,155648,2022/01/24,/kiban/app/api/download/file/547607,越前大野城
539147,DEM10B,533674,FG-GML-533674-DEM10B-20161001.zip,1719,1760256,2016/10/01,/kiban/app/api/download/file/539147,荒島岳
717843,DEM1A,533674,FG-GML-533674-DEM1A-20260603.zip,35642,36497408,2026/06/03,/kiban/app/api/download/file/717843,荒島岳
720101,DEM5A,533674,FG-GML-533674-DEM5A-20260603.zip,7155,7326720,2026/06/03,/kiban/app/api/download/file/720101,荒島岳
615995,DEM5C,533674,FG-GML-533674-DEM5C-20250605.zip,204,208896,2025/06/05,/kiban/app/api/download/file/615995,荒島岳
539154,DEM10B,533703,FG-GML-533703-DEM10B-20161001.zip,1892,1937408,2016/10/01,/kiban/app/api/download/file/539154,岩村城跡
685746,DEM1A,533703,FG-GML-533703-DEM1A-20251113.zip,39745,40698880,2025/11/13,/kiban/app/api/download/file/685746,岩村城跡
686782,DEM5A,533703,FG-GML-533703-DEM5A-20251113.zip,8599,8805376,2025/11/13,/kiban/app/api/download/file/686782,岩村城跡
539163,DEM10B,533714,FG-GML-533714-DEM10B-20161001.zip,2211,2264064,2016/10/01,/kiban/app/api/download/file/539163,恵那山
717850,DEM1A,533714,FG-GML-533714-DEM1A-20260616.zip,205738,210675712,2026/06/16,/kiban/app/api/download/file/717850,恵那山
720108,DEM5A,533714,FG-GML-533714-DEM5A-20260616.zip,7880,8069120,2026/06/16,/kiban/app/api/download/file/720108,恵那山
539170,DEM10B,533723,FG-GML-533723-DEM10B-20161001.zip,1897,1942528,2016/10/01,/kiban/app/api/download/file/539170,苗木城跡
613056,DEM1A,533723,FG-GML-533723-DEM1A-20250611.zip,117980,120811520,2025/06/11,/kiban/app/api/download/file/613056,苗木城跡
618277,DEM5A,533723,FG-GML-533723-DEM5A-20250620.zip,7421,7599104,2025/06/20,/kiban/app/api/download/file/618277,苗木城跡
539189,DEM10B,533746,FG-GML-533746-DEM10B-20161001.zip,2312,2367488,2016/10/01,/kiban/app/api/download/file/539189,空木岳
717871,DEM1A,533746,FG-GML-533746-DEM1A-20260616.zip,171526,175642624,2026/06/16,/kiban/app/api/download/file/717871,空木岳
720129,DEM5A,533746,FG-GML-533746-DEM5A-20260616.zip,8574,8779776,2026/06/16,/kiban/app/api/download/file/720129,空木岳
539197,DEM10B,533756,FG-GML-533756-DEM10B-20161001.zip,2273,2327552,2016/10/01,/kiban/app/api/download/file/539197,木曽駒ヶ岳
717877,DEM1A,533756,FG-GML-533756-DEM1A-20260616.zip,160280,164126720,2026/06/16,/kiban/app/api/download/file/717877,木曽駒ヶ岳
720135,DEM5A,533756,FG-GML-533756-DEM5A-20260616.zip,8910,9123840,2026/06/16,/kiban/app/api/download/file/720135,木曽駒ヶ岳
539202,DEM10B,533763,FG-GML-533763-DEM10B-20161001.zip,2162,2213888,2016/10/01,/kiban/app/api/download/file/539202,木曽御嶽山
717881,DEM1A,533763,FG-GML-533763-DEM1A-20260522.zip,219360,224624640,2026/05/22,/kiban/app/api/download/file/717881,木曽御嶽山
720139,DEM5A,533763,FG-GML-533763-DEM5A-20260522.zip,9034,9250816,2026/05/22,/kiban/app/api/download/file/720139,木曽御嶽山
536968,DEM10A,533805,FG-GML-533805-DEM10A-20161001.zip,2898,2967552,2016/10/01,/kiban/app/api/download/file/536968,富士山
539220,DEM10B,533805,FG-GML-533805-DEM10B-20161001.zip,2279,2333696,2016/10/01,/kiban/app/api/download/file/539220,富士山
717898,DEM1A,533805,FG-GML-533805-DEM1A-20260616.zip,160654,164509696,2026/06/16,/kiban/app/api/download/file/717898,富士山
720156,DEM5A,533805,FG-GML-533805-DEM5A-20260616.zip,7963,8154112,2026/06/16,/kiban/app/api/download/file/720156,富士山
729974,DEM5B,533805,FG-GML-533805-DEM5B-20161001.zip,237,242688,2016/10/01,/kiban/app/api/download/file/729974,富士山
539224,DEM10B,533811,FG-GML-533811-DEM10B-20161001.zip,2336,2392064,2016/10/01,/kiban/app/api/download/file/539224,荒川岳・悪沢岳|赤石岳|聖岳
717901,DEM1A,533811,FG-GML-533811-DEM1A-20260616.zip,183329,187728896,2026/06/16,/kiban/app/api/download/file/717901,荒川岳・悪沢岳|赤石岳|聖岳
720159,DEM5A,533811,FG-GML-533811-DEM5A-20260616.zip,8329,8528896,2026/06/16,/kiban/app/api/download/file/720159,荒川岳・悪沢岳|赤石岳|聖岳
536973,DEM10A,533816,FG-GML-533816-DEM10A-20161001.zip,1979,2026496,2016/10/01,/kiban/app/api/download/file/536973,富士急ハイランド
539229,DEM10B,533816,FG-GML-533816-DEM10B-20161001.zip,1653,1692672,2016/10/01,/kiban/app/api/download/file/539229,富士急ハイランド
717905,DEM1A,533816,FG-GML-533816-DEM1A-20260616.zip,142563,145984512,2026/06/16,/kiban/app/api/download/file/717905,富士急ハイランド
720163,DEM5A,533816,FG-GML-533816-DEM5A-20260616.zip,7060,7229440,2026/06/16,/kiban/app/api/download/file/720163,富士急ハイランド
539232,DEM10B,533821,FG-GML-533821-DEM10B-20161001.zip,2278,2332672,2016/10/01,/kiban/app/api/download/file/539232,塩見岳
717908,DEM1A,533821,FG-GML-533821-DEM1A-20260616.zip,182398,186775552,2026/06/16,/kiban/app/api/download/file/717908,塩見岳
720166,DEM5A,533821,FG-GML-533821-DEM5A-20260616.zip,8277,8475648,2026/06/16,/kiban/app/api/download/file/720166,塩見岳
539240,DEM10B,533831,FG-GML-533831-DEM10B-20161001.zip,2342,2398208,2016/10/01,/kiban/app/api/download/file/539240,間ノ岳
717913,DEM1A,533831,FG-GML-533831-DEM1A-20260616.zip,183415,187816960,2026/06/16,/kiban/app/api/download/file/717913,間ノ岳
720171,DEM5A,533831,FG-GML-533831-DEM5A-20260616.zip,8328,8527872,2026/06/16,/kiban/app/api/download/file/720171,間ノ岳
539243,DEM10B,533834,FG-GML-533834-DEM10B-20161001.zip,627,642048,2016/10/01,/kiban/app/api/download/file/539243,甲府城跡
685818,DEM1A,533834,FG-GML-533834-DEM1A-20251113.zip,126676,129716224,2025/11/13,/kiban/app/api/download/file/685818,甲府城跡
686854,DEM5A,533834,FG-GML-533834-DEM5A-20251113.zip,6289,6439936,2025/11/13,/kiban/app/api/download/file/686854,甲府城跡
729980,DEM5B,533834,FG-GML-533834-DEM5B-20100115.zip,4738,4851712,2010/01/15,/kiban/app/api/download/file/729980,甲府城跡
539248,DEM10B,533841,FG-GML-533841-DEM10B-20161001.zip,2304,2359296,2016/10/01,/kiban/app/api/download/file/539248,北岳|仙丈ヶ岳
717919,DEM1A,533841,FG-GML-533841-DEM1A-20260616.zip,180512,184844288,2026/06/16,/kiban/app/api/download/file/717919,北岳|仙丈ヶ岳
720177,DEM5A,533841,FG-GML-533841-DEM5A-20260616.zip,8249,8446976,2026/06/16,/kiban/app/api/download/file/720177,北岳|仙丈ヶ岳
539249,DEM10B,533842,FG-GML-533842-DEM10B-20161001.zip,2296,2351104,2016/10/01,/kiban/app/api/download/file/539249,鳳凰山
717920,DEM1A,533842,FG-GML-533842-DEM1A-20260616.zip,178346,182626304,2026/06/16,/kiban/app/api/download/file/717920,鳳凰山
720178,DEM5A,533842,FG-GML-533842-DEM5A-20260616.zip,8229,8426496,2026/06/16,/kiban/app/api/download/file/720178,鳳凰山
539256,DEM10B,533851,FG-GML-533851-DEM10B-20161001.zip,2269,2323456,2016/10/01,/kiban/app/api/download/file/539256,甲斐駒ヶ岳
717925,DEM1A,533851,FG-GML-533851-DEM1A-20260616.zip,178181,182457344,2026/06/16,/kiban/app/api/download/file/717925,甲斐駒ヶ岳
720183,DEM5A,533851,FG-GML-533851-DEM5A-20260616.zip,8210,8407040,2026/06/16,/kiban/app/api/download/file/720183,甲斐駒ヶ岳
539267,DEM10B,533864,FG-GML-533864-DEM10B-20161001.zip,2182,2234368,2016/10/01,/kiban/app/api/download/file/539267,瑞牆山
717932,DEM1A,533864,FG-GML-533864-DEM1A-20260616.zip,155393,159122432,2026/06/16,/kiban/app/api/download/file/717932,瑞牆山
720190,DEM5A,533864,FG-GML-533864-DEM5A-20260616.zip,9846,10082304,2026/06/16,/kiban/app/api/download/file/720190,瑞牆山
539268,DEM10B,533865,FG-GML-533865-DEM10B-20161001.zip,2212,2265088,2016/10/01,/kiban/app/api/download/file/539268,甲武信ヶ岳|金峰山（山梨）
717933,DEM1A,533865,FG-GML-533865-DEM1A-20260616.zip,163939,167873536,2026/06/16,/kiban/app/api/download/file/717933,甲武信ヶ岳|金峰山（山梨）
720191,DEM5A,533865,FG-GML-533865-DEM5A-20260616.zip,8356,8556544,2026/06/16,/kiban/app/api/download/file/720191,甲武信ヶ岳|金峰山（山梨）
539270,DEM10B,533867,FG-GML-533867-DEM10B-20161001.zip,2198,2250752,2016/10/01,/kiban/app/api/download/file/539270,雲取山
685845,DEM1A,533867,FG-GML-533867-DEM1A-20251113.zip,219387,224652288,2025/11/13,/kiban/app/api/download/file/685845,雲取山
686881,DEM5A,533867,FG-GML-533867-DEM5A-20251113.zip,8111,8305664,2025/11/13,/kiban/app/api/download/file/686881,雲取山
539273,DEM10B,533872,FG-GML-533872-DEM10B-20161001.zip,2189,2241536,2016/10/01,/kiban/app/api/download/file/539273,赤岳（八ヶ岳）
717934,DEM1A,533872,FG-GML-533872-DEM1A-20260616.zip,149136,152715264,2026/06/16,/kiban/app/api/download/file/717934,赤岳（八ヶ岳）
720192,DEM5A,533872,FG-GML-533872-DEM5A-20260616.zip,7854,8042496,2026/06/16,/kiban/app/api/download/file/720192,赤岳（八ヶ岳）
539288,DEM10B,533911,FG-GML-533911-DEM10B-20161001.zip,2179,2231296,2016/10/01,/kiban/app/api/download/file/539288,丹沢山
717939,DEM1A,533911,FG-GML-533911-DEM1A-20260616.zip,152521,156181504,2026/06/16,/kiban/app/api/download/file/717939,丹沢山
720197,DEM5A,533911,FG-GML-533911-DEM5A-20260616.zip,8376,8577024,2026/06/16,/kiban/app/api/download/file/720197,丹沢山
539292,DEM10B,533915,FG-GML-533915-DEM10B-20161001.zip,403,412672,2016/10/01,/kiban/app/api/download/file/539292,横浜コスモワールド|横浜ランドマークタワー|横浜マリンタワー|コスモクロック21
613142,DEM1A,533915,FG-GML-533915-DEM1A-20250604.zip,10757,11015168,2025/06/04,/kiban/app/api/download/file/613142,横浜コスモワールド|横浜ランドマークタワー|横浜マリンタワー|コスモクロック21
618399,DEM5A,533915,FG-GML-533915-DEM5A-20250620.zip,2583,2644992,2025/06/20,/kiban/app/api/download/file/618399,横浜コスモワールド|横浜ランドマークタワー|横浜マリンタワー|コスモクロック21
615224,DEM5B,533915,FG-GML-533915-DEM5B-20250609.zip,3,3072,2025/06/09,/kiban/app/api/download/file/615224,横浜コスモワールド|横浜ランドマークタワー|横浜マリンタワー|コスモクロック21
539304,DEM10B,533932,FG-GML-533932-DEM10B-20161001.zip,1451,1485824,2016/10/01,/kiban/app/api/download/file/539304,八王子城跡
717945,DEM1A,533932,FG-GML-533932-DEM1A-20260616.zip,89142,91281408,2026/06/16,/kiban/app/api/download/file/717945,八王子城跡
720203,DEM5A,533932,FG-GML-533932-DEM5A-20260616.zip,5316,5443584,2026/06/16,/kiban/app/api/download/file/720203,八王子城跡
539305,DEM10B,533933,FG-GML-533933-DEM10B-20161001.zip,1400,1433600,2016/10/01,/kiban/app/api/download/file/539305,サンリオピューロランド
613152,DEM1A,533933,FG-GML-533933-DEM1A-20250604.zip,78109,79983616,2025/06/04,/kiban/app/api/download/file/613152,サンリオピューロランド
618412,DEM5A,533933,FG-GML-533933-DEM5A-20250620.zip,4899,5016576,2025/06/20,/kiban/app/api/download/file/618412,サンリオピューロランド
539306,DEM10B,533934,FG-GML-533934-DEM10B-20161001.zip,962,985088,2016/10/01,/kiban/app/api/download/file/539306,よみうりランド
663989,DEM1A,533934,FG-GML-533934-DEM1A-20250822.zip,61570,63047680,2025/08/22,/kiban/app/api/download/file/663989,よみうりランド
662509,DEM5A,533934,FG-GML-533934-DEM5A-20250822.zip,4037,4133888,2025/08/22,/kiban/app/api/download/file/662509,よみうりランド
729996,DEM5B,533934,FG-GML-533934-DEM5B-20100122.zip,1367,1399808,2010/01/22,/kiban/app/api/download/file/729996,よみうりランド
539307,DEM10B,533935,FG-GML-533935-DEM10B-20161001.zip,840,860160,2016/10/01,/kiban/app/api/download/file/539307,東京ミッドタウン・タワー|六本木ヒルズ森タワー|泉ガーデンタワー|愛宕グリーンヒルズ MORIタワー|セルリアンタワー|渋谷ヒカリエ|麻布台ヒルズ森JPタワー|渋谷スクランブルスクエア|恵比寿ガーデンプレイスタワー|住友不動産六本木グランドタワー|東京タワー
663990,DEM1A,533935,FG-GML-533935-DEM1A-20250822.zip,48410,49571840,2025/08/22,/kiban/app/api/download/file/663990,東京ミッドタウン・タワー|六本木ヒルズ森タワー|泉ガーデンタワー|愛宕グリーンヒルズ MORIタワー|セルリアンタワー|渋谷ヒカリエ|麻布台ヒルズ森JPタワー|渋谷スクランブルスクエア|恵比寿ガーデンプレイスタワー|住友不動産六本木グランドタワー|東京タワー
662510,DEM5A,533935,FG-GML-533935-DEM5A-20250822.zip,3615,3701760,2025/08/22,/kiban/app/api/download/file/662510,東京ミッドタウン・タワー|六本木ヒルズ森タワー|泉ガーデンタワー|愛宕グリーンヒルズ MORIタワー|セルリアンタワー|渋谷ヒカリエ|麻布台ヒルズ森JPタワー|渋谷スクランブルスクエア|恵比寿ガーデンプレイスタワー|住友不動産六本木グランドタワー|東京タワー
539308,DEM10B,533936,FG-GML-533936-DEM10B-20161001.zip,324,331776,2016/10/01,/kiban/app/api/download/file/539308,汐留シティセンター|電通本社ビル|ダイヤと花の大観覧車
663991,DEM1A,533936,FG-GML-533936-DEM1A-20250822.zip,23060,23613440,2025/08/22,/kiban/app/api/download/file/663991,汐留シティセンター|電通本社ビル|ダイヤと花の大観覧車
662511,DEM5A,533936,FG-GML-533936-DEM5A-20250822.zip,1686,1726464,2025/08/22,/kiban/app/api/download/file/662511,汐留シティセンター|電通本社ビル|ダイヤと花の大観覧車
729997,DEM5B,533936,FG-GML-533936-DEM5B-20100122.zip,34,34816,2010/01/22,/kiban/app/api/download/file/729997,汐留シティセンター|電通本社ビル|ダイヤと花の大観覧車
539309,DEM10B,533937,FG-GML-533937-DEM10B-20161001.zip,145,148480,2016/10/01,/kiban/app/api/download/file/539309,東京ディズニーランド|東京ディズニーシー
663992,DEM1A,533937,FG-GML-533937-DEM1A-20250822.zip,1105,1131520,2025/08/22,/kiban/app/api/download/file/663992,東京ディズニーランド|東京ディズニーシー
662512,DEM5A,533937,FG-GML-533937-DEM5A-20250822.zip,692,708608,2025/08/22,/kiban/app/api/download/file/662512,東京ディズニーランド|東京ディズニーシー
615228,DEM5B,533937,FG-GML-533937-DEM5B-20250609.zip,56,57344,2025/06/09,/kiban/app/api/download/file/615228,東京ディズニーランド|東京ディズニーシー
539315,DEM10B,533945,FG-GML-533945-DEM10B-20161001.zip,709,726016,2016/10/01,/kiban/app/api/download/file/539315,東京都庁第一本庁舎|サンシャイン60|新宿パークタワー|SOMPO本社ビル|山王パークタワー|京王プラザホテル（本館）|虎ノ門ヒルズ ステーションタワー|NTTドコモ代々木ビル
663994,DEM1A,533945,FG-GML-533945-DEM1A-20250822.zip,44109,45167616,2025/08/22,/kiban/app/api/download/file/663994,東京都庁第一本庁舎|サンシャイン60|新宿パークタワー|SOMPO本社ビル|山王パークタワー|京王プラザホテル（本館）|虎ノ門ヒルズ ステーションタワー|NTTドコモ代々木ビル
662514,DEM5A,533945,FG-GML-533945-DEM5A-20250822.zip,3441,3523584,2025/08/22,/kiban/app/api/download/file/662514,東京都庁第一本庁舎|サンシャイン60|新宿パークタワー|SOMPO本社ビル|山王パークタワー|京王プラザホテル（本館）|虎ノ門ヒルズ ステーションタワー|NTTドコモ代々木ビル
539316,DEM10B,533946,FG-GML-533946-DEM10B-20161001.zip,345,353280,2016/10/01,/kiban/app/api/download/file/539316,江戸城（皇居）|グラントウキョウ ノースタワー|JPタワー|日本橋三井タワー|丸の内ビルディング（丸ビル）|東京スカイツリー
663995,DEM1A,533946,FG-GML-533946-DEM1A-20250822.zip,36497,37372928,2025/08/22,/kiban/app/api/download/file/663995,江戸城（皇居）|グラントウキョウ ノースタワー|JPタワー|日本橋三井タワー|丸の内ビルディング（丸ビル）|東京スカイツリー
662515,DEM5A,533946,FG-GML-533946-DEM5A-20250822.zip,2757,2823168,2025/08/22,/kiban/app/api/download/file/662515,江戸城（皇居）|グラントウキョウ ノースタワー|JPタワー|日本橋三井タワー|丸の内ビルディング（丸ビル）|東京スカイツリー
539323,DEM10B,533955,FG-GML-533955-DEM10B-20161001.zip,420,430080,2016/10/01,/kiban/app/api/download/file/539323,エルザタワー55
717951,DEM1A,533955,FG-GML-533955-DEM1A-20260616.zip,23890,24463360,2026/06/16,/kiban/app/api/download/file/717951,エルザタワー55
720209,DEM5A,533955,FG-GML-533955-DEM5A-20260616.zip,3932,4026368,2026/06/16,/kiban/app/api/download/file/720209,エルザタワー55
539331,DEM10B,533965,FG-GML-533965-DEM10B-20161001.zip,583,596992,2016/10/01,/kiban/app/api/download/file/539331,さいたま新都心合同庁舎1号館
717958,DEM1A,533965,FG-GML-533965-DEM1A-20260616.zip,171,175104,2026/06/16,/kiban/app/api/download/file/717958,さいたま新都心合同庁舎1号館
720216,DEM5A,533965,FG-GML-533965-DEM5A-20260616.zip,5710,5847040,2026/06/16,/kiban/app/api/download/file/720216,さいたま新都心合同庁舎1号館
539337,DEM10B,533973,FG-GML-533973-DEM10B-20161001.zip,465,476160,2016/10/01,/kiban/app/api/download/file/539337,川越城
717963,DEM1A,533973,FG-GML-533973-DEM1A-20260616.zip,43439,44481536,2026/06/16,/kiban/app/api/download/file/717963,川越城
720221,DEM5A,533973,FG-GML-533973-DEM5A-20260616.zip,2986,3057664,2026/06/16,/kiban/app/api/download/file/720221,川越城
730014,DEM5B,533973,FG-GML-533973-DEM5B-20080331.zip,5826,5965824,2008/03/31,/kiban/app/api/download/file/730014,川越城
539339,DEM10B,533975,FG-GML-533975-DEM10B-20161001.zip,470,481280,2016/10/01,/kiban/app/api/download/file/539339,岩槻城跡
618446,DEM5A,533975,FG-GML-533975-DEM5A-20250620.zip,3720,3809280,2025/06/20,/kiban/app/api/download/file/618446,岩槻城跡
539355,DEM10B,534030,FG-GML-534030-DEM10B-20161001.zip,377,386048,2016/10/01,/kiban/app/api/download/file/539355,千葉セントラルタワー|千葉ポートタワー
618462,DEM5A,534030,FG-GML-534030-DEM5A-20250620.zip,3081,3154944,2025/06/20,/kiban/app/api/download/file/618462,千葉セントラルタワー|千葉ポートタワー
615236,DEM5B,534030,FG-GML-534030-DEM5B-20250609.zip,767,785408,2025/06/09,/kiban/app/api/download/file/615236,千葉セントラルタワー|千葉ポートタワー
539361,DEM10B,534041,FG-GML-534041-DEM10B-20161001.zip,932,954368,2016/10/01,/kiban/app/api/download/file/539361,佐倉城跡
618468,DEM5A,534041,FG-GML-534041-DEM5A-20250620.zip,6312,6463488,2025/06/20,/kiban/app/api/download/file/618468,佐倉城跡
730019,DEM5B,534041,FG-GML-534041-DEM5B-20100122.zip,6119,6265856,2010/01/22,/kiban/app/api/download/file/730019,佐倉城跡
539383,DEM10B,534071,FG-GML-534071-DEM10B-20161001.zip,779,797696,2016/10/01,/kiban/app/api/download/file/539383,牛久大仏
718003,DEM1A,534071,FG-GML-534071-DEM1A-20260616.zip,9651,9882624,2026/06/16,/kiban/app/api/download/file/718003,牛久大仏
720261,DEM5A,534071,FG-GML-534071-DEM5A-20260616.zip,5750,5888000,2026/06/16,/kiban/app/api/download/file/720261,牛久大仏
730025,DEM5B,534071,FG-GML-534071-DEM5B-20090901.zip,5976,6119424,2009/09/01,/kiban/app/api/download/file/730025,牛久大仏
539414,DEM10B,543612,FG-GML-543612-DEM10B-20161001.zip,1404,1437696,2016/10/01,/kiban/app/api/download/file/539414,丸岡城
613194,DEM1A,543612,FG-GML-543612-DEM1A-20250611.zip,2185,2237440,2025/06/11,/kiban/app/api/download/file/613194,丸岡城
618507,DEM5A,543612,FG-GML-543612-DEM5A-20250620.zip,5265,5391360,2025/06/20,/kiban/app/api/download/file/618507,丸岡城
615249,DEM5B,543612,FG-GML-543612-DEM5B-20250609.zip,739,756736,2025/06/09,/kiban/app/api/download/file/615249,丸岡城
539418,DEM10B,543616,FG-GML-543616-DEM10B-20161001.zip,2239,2292736,2016/10/01,/kiban/app/api/download/file/539418,白山（御前峰）
718013,DEM1A,543616,FG-GML-543616-DEM1A-20260522.zip,43852,44904448,2026/05/22,/kiban/app/api/download/file/718013,白山（御前峰）
720271,DEM5A,543616,FG-GML-543616-DEM5A-20260522.zip,6612,6770688,2026/05/22,/kiban/app/api/download/file/720271,白山（御前峰）
539430,DEM10B,543632,FG-GML-543632-DEM10B-20161001.zip,1308,1339392,2016/10/01,/kiban/app/api/download/file/539430,加賀大観音
613207,DEM1A,543632,FG-GML-543632-DEM1A-20250611.zip,147888,151437312,2025/06/11,/kiban/app/api/download/file/613207,加賀大観音
618523,DEM5A,543632,FG-GML-543632-DEM5A-20250620.zip,7074,7243776,2025/06/20,/kiban/app/api/download/file/618523,加賀大観音
615255,DEM5B,543632,FG-GML-543632-DEM5B-20250609.zip,555,568320,2025/06/09,/kiban/app/api/download/file/615255,加賀大観音
539449,DEM10B,543665,FG-GML-543665-DEM10B-20161001.zip,1566,1603584,2016/10/01,/kiban/app/api/download/file/539449,金沢城
664035,DEM1A,543665,FG-GML-543665-DEM1A-20250828.zip,79697,81609728,2025/08/28,/kiban/app/api/download/file/664035,金沢城
662555,DEM5A,543665,FG-GML-543665-DEM5A-20250828.zip,6638,6797312,2025/08/28,/kiban/app/api/download/file/662555,金沢城
615262,DEM5B,543665,FG-GML-543665-DEM5B-20250609.zip,65,66560,2025/06/09,/kiban/app/api/download/file/615262,金沢城
539468,DEM10B,543714,FG-GML-543714-DEM10B-20161001.zip,2233,2286592,2016/10/01,/kiban/app/api/download/file/539468,乗鞍岳
718038,DEM1A,543714,FG-GML-543714-DEM1A-20260522.zip,160369,164217856,2026/05/22,/kiban/app/api/download/file/718038,乗鞍岳
720296,DEM5A,543714,FG-GML-543714-DEM5A-20260522.zip,7695,7879680,2026/05/22,/kiban/app/api/download/file/720296,乗鞍岳
536978,DEM10A,543724,FG-GML-543724-DEM10A-20161001.zip,1082,1107968,2016/10/01,/kiban/app/api/download/file/536978,焼岳
539476,DEM10B,543724,FG-GML-543724-DEM10B-20161001.zip,2202,2254848,2016/10/01,/kiban/app/api/download/file/539476,焼岳
685883,DEM1A,543724,FG-GML-543724-DEM1A-20251208.zip,128803,131894272,2025/12/08,/kiban/app/api/download/file/685883,焼岳
686919,DEM5A,543724,FG-GML-543724-DEM5A-20251208.zip,9179,9399296,2025/12/08,/kiban/app/api/download/file/686919,焼岳
539479,DEM10B,543727,FG-GML-543727-DEM10B-20161001.zip,1002,1026048,2016/10/01,/kiban/app/api/download/file/539479,松本城
664050,DEM1A,543727,FG-GML-543727-DEM1A-20250822.zip,55240,56565760,2025/08/22,/kiban/app/api/download/file/664050,松本城
662570,DEM5A,543727,FG-GML-543727-DEM5A-20250822.zip,3663,3750912,2025/08/22,/kiban/app/api/download/file/662570,松本城
615271,DEM5B,543727,FG-GML-543727-DEM5B-20250609.zip,339,347136,2025/06/09,/kiban/app/api/download/file/615271,松本城
536980,DEM10A,543734,FG-GML-543734-DEM10A-20161001.zip,315,322560,2016/10/01,/kiban/app/api/download/file/536980,笠ヶ岳
539484,DEM10B,543734,FG-GML-543734-DEM10B-20161001.zip,2272,2326528,2016/10/01,/kiban/app/api/download/file/539484,笠ヶ岳
685885,DEM1A,543734,FG-GML-543734-DEM1A-20251113.zip,187547,192048128,2025/11/13,/kiban/app/api/download/file/685885,笠ヶ岳
686921,DEM5A,543734,FG-GML-543734-DEM5A-20251113.zip,10135,10378240,2025/11/13,/kiban/app/api/download/file/686921,笠ヶ岳
539485,DEM10B,543735,FG-GML-543735-DEM10B-20161001.zip,2256,2310144,2016/10/01,/kiban/app/api/download/file/539485,穂高岳|常念岳
685886,DEM1A,543735,FG-GML-543735-DEM1A-20251113.zip,151622,155260928,2025/11/13,/kiban/app/api/download/file/685886,穂高岳|常念岳
686922,DEM5A,543735,FG-GML-543735-DEM5A-20251113.zip,8264,8462336,2025/11/13,/kiban/app/api/download/file/686922,穂高岳|常念岳
539492,DEM10B,543744,FG-GML-543744-DEM10B-20161001.zip,2227,2280448,2016/10/01,/kiban/app/api/download/file/539492,鷲羽岳
613261,DEM1A,543744,FG-GML-543744-DEM1A-20250604.zip,159320,163143680,2025/06/04,/kiban/app/api/download/file/613261,鷲羽岳
618585,DEM5A,543744,FG-GML-543744-DEM5A-20250620.zip,8772,8982528,2025/06/20,/kiban/app/api/download/file/618585,鷲羽岳
539493,DEM10B,543745,FG-GML-543745-DEM10B-20161001.zip,2288,2342912,2016/10/01,/kiban/app/api/download/file/539493,槍ヶ岳
685888,DEM1A,543745,FG-GML-543745-DEM1A-20251113.zip,26337,26969088,2025/11/13,/kiban/app/api/download/file/685888,槍ヶ岳
686924,DEM5A,543745,FG-GML-543745-DEM5A-20251113.zip,4474,4581376,2025/11/13,/kiban/app/api/download/file/686924,槍ヶ岳
539500,DEM10B,543754,FG-GML-543754-DEM10B-20161001.zip,2230,2283520,2016/10/01,/kiban/app/api/download/file/539500,薬師岳
664059,DEM1A,543754,FG-GML-543754-DEM1A-20250828.zip,48900,50073600,2025/08/28,/kiban/app/api/download/file/664059,薬師岳
662579,DEM5A,543754,FG-GML-543754-DEM5A-20250828.zip,9592,9822208,2025/08/28,/kiban/app/api/download/file/662579,薬師岳
539508,DEM10B,543764,FG-GML-543764-DEM10B-20161001.zip,2269,2323456,2016/10/01,/kiban/app/api/download/file/539508,立山
664066,DEM1A,543764,FG-GML-543764-DEM1A-20250828.zip,128210,131287040,2025/08/28,/kiban/app/api/download/file/664066,立山
662586,DEM5A,543764,FG-GML-543764-DEM5A-20250828.zip,7946,8136704,2025/08/28,/kiban/app/api/download/file/662586,立山
539516,DEM10B,543774,FG-GML-543774-DEM10B-20161001.zip,2269,2323456,2016/10/01,/kiban/app/api/download/file/539516,剱岳
664071,DEM1A,543774,FG-GML-543774-DEM1A-20250828.zip,173838,178010112,2025/08/28,/kiban/app/api/download/file/664071,剱岳
662591,DEM5A,543774,FG-GML-543774-DEM5A-20250828.zip,8486,8689664,2025/08/28,/kiban/app/api/download/file/662591,剱岳
539517,DEM10B,543775,FG-GML-543775-DEM10B-20161001.zip,2306,2361344,2016/10/01,/kiban/app/api/download/file/539517,鹿島槍ヶ岳
685890,DEM1A,543775,FG-GML-543775-DEM1A-20251113.zip,2338,2394112,2025/11/13,/kiban/app/api/download/file/685890,鹿島槍ヶ岳
686926,DEM5A,543775,FG-GML-543775-DEM5A-20251113.zip,8522,8726528,2025/11/13,/kiban/app/api/download/file/686926,鹿島槍ヶ岳
539518,DEM10B,543776,FG-GML-543776-DEM10B-20161001.zip,2181,2233344,2016/10/01,/kiban/app/api/download/file/539518,五竜岳
685891,DEM1A,543776,FG-GML-543776-DEM1A-20251113.zip,198614,203380736,2025/11/13,/kiban/app/api/download/file/685891,五竜岳
686927,DEM5A,543776,FG-GML-543776-DEM5A-20251113.zip,9070,9287680,2025/11/13,/kiban/app/api/download/file/686927,五竜岳
539526,DEM10B,543806,FG-GML-543806-DEM10B-20161001.zip,2137,2188288,2016/10/01,/kiban/app/api/download/file/539526,両神山
685897,DEM1A,543806,FG-GML-543806-DEM1A-20251113.zip,239295,245038080,2025/11/13,/kiban/app/api/download/file/685897,両神山
686933,DEM5A,543806,FG-GML-543806-DEM5A-20251113.zip,7951,8141824,2025/11/13,/kiban/app/api/download/file/686933,両神山
539530,DEM10B,543812,FG-GML-543812-DEM10B-20161001.zip,2064,2113536,2016/10/01,/kiban/app/api/download/file/539530,蓼科山
718053,DEM1A,543812,FG-GML-543812-DEM1A-20260616.zip,168616,172662784,2026/06/16,/kiban/app/api/download/file/718053,蓼科山
720311,DEM5A,543812,FG-GML-543812-DEM5A-20260616.zip,7969,8160256,2026/06/16,/kiban/app/api/download/file/720311,蓼科山
539536,DEM10B,543820,FG-GML-543820-DEM10B-20161001.zip,2170,2222080,2016/10/01,/kiban/app/api/download/file/539536,美ヶ原高原（王ヶ頭）|王ヶ頭ホテル（長野県）|美しの塔（長野県）
718056,DEM1A,543820,FG-GML-543820-DEM1A-20260616.zip,162351,166247424,2026/06/16,/kiban/app/api/download/file/718056,美ヶ原高原（王ヶ頭）|王ヶ頭ホテル（長野県）|美しの塔（長野県）
720314,DEM5A,543820,FG-GML-543820-DEM5A-20260616.zip,7790,7976960,2026/06/16,/kiban/app/api/download/file/720314,美ヶ原高原（王ヶ頭）|王ヶ頭ホテル（長野県）|美しの塔（長野県）
615279,DEM5B,543820,FG-GML-543820-DEM5B-20250609.zip,961,984064,2025/06/09,/kiban/app/api/download/file/615279,美ヶ原高原（王ヶ頭）|王ヶ頭ホテル（長野県）|美しの塔（長野県）
539553,DEM10B,543841,FG-GML-543841-DEM10B-20161001.zip,1636,1675264,2016/10/01,/kiban/app/api/download/file/539553,上田城
664093,DEM1A,543841,FG-GML-543841-DEM1A-20250822.zip,101969,104416256,2025/08/22,/kiban/app/api/download/file/664093,上田城
662612,DEM5A,543841,FG-GML-543841-DEM5A-20250822.zip,5585,5719040,2025/08/22,/kiban/app/api/download/file/662612,上田城
536982,DEM10A,543844,FG-GML-543844-DEM10A-20161001.zip,1205,1233920,2016/10/01,/kiban/app/api/download/file/536982,浅間山
539556,DEM10B,543844,FG-GML-543844-DEM10B-20161001.zip,1898,1943552,2016/10/01,/kiban/app/api/download/file/539556,浅間山
664096,DEM1A,543844,FG-GML-543844-DEM1A-20250822.zip,80206,82130944,2025/08/22,/kiban/app/api/download/file/664096,浅間山
662615,DEM5A,543844,FG-GML-543844-DEM5A-20250822.zip,6338,6490112,2025/08/22,/kiban/app/api/download/file/662615,浅間山
539586,DEM10B,543902,FG-GML-543902-DEM10B-20161001.zip,1426,1460224,2016/10/01,/kiban/app/api/download/file/539586,杉山城跡
718079,DEM1A,543902,FG-GML-543902-DEM1A-20260616.zip,84670,86702080,2026/06/16,/kiban/app/api/download/file/718079,杉山城跡
720337,DEM5A,543902,FG-GML-543902-DEM5A-20260616.zip,5022,5142528,2026/06/16,/kiban/app/api/download/file/720337,杉山城跡
730078,DEM5B,543902,FG-GML-543902-DEM5B-20101001.zip,7395,7572480,2010/10/01,/kiban/app/api/download/file/730078,杉山城跡
539589,DEM10B,543905,FG-GML-543905-DEM10B-20161001.zip,313,320512,2016/10/01,/kiban/app/api/download/file/539589,東武動物公園
618682,DEM5A,543905,FG-GML-543905-DEM5A-20250620.zip,2695,2759680,2025/06/20,/kiban/app/api/download/file/618682,東武動物公園
730081,DEM5B,543905,FG-GML-543905-DEM5B-20101001.zip,2714,2779136,2010/10/01,/kiban/app/api/download/file/730081,東武動物公園
539593,DEM10B,543911,FG-GML-543911-DEM10B-20161001.zip,1534,1570816,2016/10/01,/kiban/app/api/download/file/539593,鉢形城跡
718085,DEM1A,543911,FG-GML-543911-DEM1A-20260616.zip,89588,91738112,2026/06/16,/kiban/app/api/download/file/718085,鉢形城跡
720343,DEM5A,543911,FG-GML-543911-DEM5A-20260616.zip,5565,5698560,2026/06/16,/kiban/app/api/download/file/720343,鉢形城跡
615284,DEM5B,543911,FG-GML-543911-DEM5B-20250609.zip,382,391168,2025/06/09,/kiban/app/api/download/file/615284,鉢形城跡
539595,DEM10B,543913,FG-GML-543913-DEM10B-20161001.zip,374,382976,2016/10/01,/kiban/app/api/download/file/539595,忍城
718087,DEM1A,543913,FG-GML-543913-DEM1A-20260616.zip,21942,22468608,2026/06/16,/kiban/app/api/download/file/718087,忍城
720345,DEM5A,543913,FG-GML-543913-DEM5A-20260616.zip,3100,3174400,2026/06/16,/kiban/app/api/download/file/720345,忍城
730085,DEM5B,543913,FG-GML-543913-DEM5B-20101001.zip,4703,4815872,2010/10/01,/kiban/app/api/download/file/730085,忍城
539611,DEM10B,543933,FG-GML-543933-DEM10B-20161001.zip,442,452608,2016/10/01,/kiban/app/api/download/file/539611,新田金山城跡
718099,DEM1A,543933,FG-GML-543933-DEM1A-20260603.zip,3921,4015104,2026/06/03,/kiban/app/api/download/file/718099,新田金山城跡
720357,DEM5A,543933,FG-GML-543933-DEM5A-20260603.zip,5313,5440512,2026/06/03,/kiban/app/api/download/file/720357,新田金山城跡
539616,DEM10B,543940,FG-GML-543940-DEM10B-20161001.zip,615,629760,2016/10/01,/kiban/app/api/download/file/539616,群馬県庁舎
718102,DEM1A,543940,FG-GML-543940-DEM1A-20260616.zip,30031,30751744,2026/06/16,/kiban/app/api/download/file/718102,群馬県庁舎
720360,DEM5A,543940,FG-GML-543940-DEM5A-20260616.zip,4449,4555776,2026/06/16,/kiban/app/api/download/file/720360,群馬県庁舎
539620,DEM10B,543944,FG-GML-543944-DEM10B-20161001.zip,1464,1499136,2016/10/01,/kiban/app/api/download/file/539620,唐沢山城跡
718105,DEM1A,543944,FG-GML-543944-DEM1A-20260603.zip,116997,119804928,2026/06/03,/kiban/app/api/download/file/718105,唐沢山城跡
720363,DEM5A,543944,FG-GML-543944-DEM5A-20260603.zip,6107,6253568,2026/06/03,/kiban/app/api/download/file/720363,唐沢山城跡
615288,DEM5B,543944,FG-GML-543944-DEM5B-20250609.zip,2111,2161664,2025/06/09,/kiban/app/api/download/file/615288,唐沢山城跡
539633,DEM10B,543961,FG-GML-543961-DEM10B-20161001.zip,2109,2159616,2016/10/01,/kiban/app/api/download/file/539633,赤城山（黒檜山）
718111,DEM1A,543961,FG-GML-543961-DEM1A-20260616.zip,90688,92864512,2026/06/16,/kiban/app/api/download/file/718111,赤城山（黒檜山）
720369,DEM5A,543961,FG-GML-543961-DEM5A-20260616.zip,8467,8670208,2026/06/16,/kiban/app/api/download/file/720369,赤城山（黒檜山）
539640,DEM10B,543970,FG-GML-543970-DEM10B-20161001.zip,1803,1846272,2016/10/01,/kiban/app/api/download/file/539640,沼田城跡
664129,DEM1A,543970,FG-GML-543970-DEM1A-20250819.zip,12693,12997632,2025/08/19,/kiban/app/api/download/file/664129,沼田城跡
662648,DEM5A,543970,FG-GML-543970-DEM5A-20250819.zip,8176,8372224,2025/08/19,/kiban/app/api/download/file/662648,沼田城跡
539672,DEM10B,544043,FG-GML-544043-DEM10B-20161001.zip,674,690176,2016/10/01,/kiban/app/api/download/file/539672,水戸城跡
685947,DEM1A,544043,FG-GML-544043-DEM1A-20251113.zip,302,309248,2025/11/13,/kiban/app/api/download/file/685947,水戸城跡
686983,DEM5A,544043,FG-GML-544043-DEM5A-20251113.zip,5828,5967872,2025/11/13,/kiban/app/api/download/file/686983,水戸城跡
539719,DEM10B,553701,FG-GML-553701-DEM10B-20161001.zip,565,578560,2016/10/01,/kiban/app/api/download/file/539719,富山城
613385,DEM1A,553701,FG-GML-553701-DEM1A-20250509.zip,124492,127479808,2025/05/09,/kiban/app/api/download/file/613385,富山城
618811,DEM5A,553701,FG-GML-553701-DEM5A-20250620.zip,2976,3047424,2025/06/20,/kiban/app/api/download/file/618811,富山城
730118,DEM5B,553701,FG-GML-553701-DEM5B-20080331.zip,4001,4097024,2008/03/31,/kiban/app/api/download/file/730118,富山城
539732,DEM10B,553716,FG-GML-553716-DEM10B-20161001.zip,2207,2259968,2016/10/01,/kiban/app/api/download/file/539732,白馬岳
685960,DEM1A,553716,FG-GML-553716-DEM1A-20251113.zip,69655,71326720,2025/11/13,/kiban/app/api/download/file/685960,白馬岳
686996,DEM5A,553716,FG-GML-553716-DEM5A-20251113.zip,8311,8510464,2025/11/13,/kiban/app/api/download/file/686996,白馬岳
539772,DEM10B,553820,FG-GML-553820-DEM10B-20161001.zip,2089,2139136,2016/10/01,/kiban/app/api/download/file/539772,妙高山
718142,DEM1A,553820,FG-GML-553820-DEM1A-20260616.zip,8043,8236032,2026/06/16,/kiban/app/api/download/file/718142,妙高山
720400,DEM5A,553820,FG-GML-553820-DEM5A-20260616.zip,8851,9063424,2026/06/16,/kiban/app/api/download/file/720400,妙高山
539777,DEM10B,553825,FG-GML-553825-DEM10B-20161001.zip,2158,2209792,2016/10/01,/kiban/app/api/download/file/539777,苗場山
718145,DEM1A,553825,FG-GML-553825-DEM1A-20260603.zip,169952,174030848,2026/06/03,/kiban/app/api/download/file/718145,苗場山
720403,DEM5A,553825,FG-GML-553825-DEM5A-20260603.zip,8043,8236032,2026/06/03,/kiban/app/api/download/file/720403,苗場山
539779,DEM10B,553827,FG-GML-553827-DEM10B-20161001.zip,2207,2259968,2016/10/01,/kiban/app/api/download/file/539779,谷川岳
664179,DEM1A,553827,FG-GML-553827-DEM1A-20250822.zip,109510,112138240,2025/08/22,/kiban/app/api/download/file/664179,谷川岳
662698,DEM5A,553827,FG-GML-553827-DEM5A-20250822.zip,9492,9719808,2025/08/22,/kiban/app/api/download/file/662698,谷川岳
539780,DEM10B,553830,FG-GML-553830-DEM10B-20161001.zip,2147,2198528,2016/10/01,/kiban/app/api/download/file/539780,火打山
618872,DEM5A,553830,FG-GML-553830-DEM5A-20250620.zip,9201,9421824,2025/06/20,/kiban/app/api/download/file/618872,火打山
539787,DEM10B,553837,FG-GML-553837-DEM10B-20161001.zip,2211,2264064,2016/10/01,/kiban/app/api/download/file/539787,巻機山
685973,DEM1A,553837,FG-GML-553837-DEM1A-20251208.zip,156522,160278528,2025/12/08,/kiban/app/api/download/file/685973,巻機山
687009,DEM5A,553837,FG-GML-553837-DEM5A-20251208.zip,8462,8665088,2025/12/08,/kiban/app/api/download/file/687009,巻機山
539827,DEM10B,553911,FG-GML-553911-DEM10B-20161001.zip,2121,2171904,2016/10/01,/kiban/app/api/download/file/539827,武尊山
718159,DEM1A,553911,FG-GML-553911-DEM1A-20260603.zip,139809,143164416,2026/06/03,/kiban/app/api/download/file/718159,武尊山
720417,DEM5A,553911,FG-GML-553911-DEM5A-20260603.zip,7530,7710720,2026/06/03,/kiban/app/api/download/file/720417,武尊山
539829,DEM10B,553913,FG-GML-553913-DEM10B-20161001.zip,2039,2087936,2016/10/01,/kiban/app/api/download/file/539829,日光白根山|男体山
718161,DEM1A,553913,FG-GML-553913-DEM1A-20260616.zip,149155,152734720,2026/06/16,/kiban/app/api/download/file/718161,日光白根山|男体山
720419,DEM5A,553913,FG-GML-553913-DEM5A-20260616.zip,7257,7431168,2026/06/16,/kiban/app/api/download/file/720419,日光白根山|男体山
539835,DEM10B,553921,FG-GML-553921-DEM10B-20161001.zip,2116,2166784,2016/10/01,/kiban/app/api/download/file/539835,至仏山
664224,DEM1A,553921,FG-GML-553921-DEM1A-20250819.zip,99839,102235136,2025/08/19,/kiban/app/api/download/file/664224,至仏山
662743,DEM5A,553921,FG-GML-553921-DEM5A-20250819.zip,8513,8717312,2025/08/19,/kiban/app/api/download/file/662743,至仏山
539844,DEM10B,553932,FG-GML-553932-DEM10B-20161001.zip,2028,2076672,2016/10/01,/kiban/app/api/download/file/539844,燧ヶ岳
718171,DEM1A,553932,FG-GML-553932-DEM1A-20260603.zip,70331,72018944,2026/06/03,/kiban/app/api/download/file/718171,燧ヶ岳
720429,DEM5A,553932,FG-GML-553932-DEM5A-20260603.zip,8613,8819712,2026/06/03,/kiban/app/api/download/file/720429,燧ヶ岳
539851,DEM10B,553941,FG-GML-553941-DEM10B-20161001.zip,2154,2205696,2016/10/01,/kiban/app/api/download/file/539851,平ヶ岳
718176,DEM1A,553941,FG-GML-553941-DEM1A-20260603.zip,1896,1941504,2026/06/03,/kiban/app/api/download/file/718176,平ヶ岳
720434,DEM5A,553941,FG-GML-553941-DEM5A-20260603.zip,10444,10694656,2026/06/03,/kiban/app/api/download/file/720434,平ヶ岳
539852,DEM10B,553942,FG-GML-553942-DEM10B-20161001.zip,2189,2241536,2016/10/01,/kiban/app/api/download/file/539852,会津駒ヶ岳
718177,DEM1A,553942,FG-GML-553942-DEM1A-20260603.zip,141107,144493568,2026/06/03,/kiban/app/api/download/file/718177,会津駒ヶ岳
720435,DEM5A,553942,FG-GML-553942-DEM5A-20260603.zip,8372,8572928,2026/06/03,/kiban/app/api/download/file/720435,会津駒ヶ岳
536986,DEM10A,553957,FG-GML-553957-DEM10A-20161001.zip,1192,1220608,2016/10/01,/kiban/app/api/download/file/536986,那須岳
539865,DEM10B,553957,FG-GML-553957-DEM10B-20161001.zip,2124,2174976,2016/10/01,/kiban/app/api/download/file/539865,那須岳
685998,DEM1A,553957,FG-GML-553957-DEM1A-20251113.zip,125753,128771072,2025/11/13,/kiban/app/api/download/file/685998,那須岳
687034,DEM5A,553957,FG-GML-553957-DEM5A-20251113.zip,8245,8442880,2025/11/13,/kiban/app/api/download/file/687034,那須岳
539919,DEM10B,554051,FG-GML-554051-DEM10B-20161001.zip,1459,1494016,2016/10/01,/kiban/app/api/download/file/539919,白河小峰城
686023,DEM1A,554051,FG-GML-554051-DEM1A-20251107.zip,61708,63188992,2025/11/07,/kiban/app/api/download/file/686023,白河小峰城
687059,DEM5A,554051,FG-GML-554051-DEM5A-20251107.zip,6532,6688768,2025/11/07,/kiban/app/api/download/file/687059,白河小峰城
615349,DEM5B,554051,FG-GML-554051-DEM5B-20250609.zip,639,654336,2025/06/09,/kiban/app/api/download/file/615349,白河小峰城
540006,DEM10B,563917,FG-GML-563917-DEM10B-20161001.zip,1553,1590272,2016/10/01,/kiban/app/api/download/file/540006,会津若松城（鶴ヶ城）
613584,DEM1A,563917,FG-GML-563917-DEM1A-20250509.zip,93039,95271936,2025/05/09,/kiban/app/api/download/file/613584,会津若松城（鶴ヶ城）
619099,DEM5A,563917,FG-GML-563917-DEM5A-20250620.zip,6451,6605824,2025/06/20,/kiban/app/api/download/file/619099,会津若松城（鶴ヶ城）
615367,DEM5B,563917,FG-GML-563917-DEM5B-20250609.zip,2491,2550784,2025/06/09,/kiban/app/api/download/file/615367,会津若松城（鶴ヶ城）
540014,DEM10B,563927,FG-GML-563927-DEM10B-20161001.zip,1282,1312768,2016/10/01,/kiban/app/api/download/file/540014,会津慈母大観音
718211,DEM1A,563927,FG-GML-563927-DEM1A-20260616.zip,61130,62597120,2026/06/16,/kiban/app/api/download/file/718211,会津慈母大観音
720469,DEM5A,563927,FG-GML-563927-DEM5A-20260616.zip,6114,6260736,2026/06/16,/kiban/app/api/download/file/720469,会津慈母大観音
615370,DEM5B,563927,FG-GML-563927-DEM5B-20250609.zip,2565,2626560,2025/06/09,/kiban/app/api/download/file/615370,会津慈母大観音
540044,DEM10B,563965,FG-GML-563965-DEM10B-20161001.zip,2205,2257920,2016/10/01,/kiban/app/api/download/file/540044,飯豊山
686040,DEM1A,563965,FG-GML-563965-DEM1A-20251208.zip,132094,135264256,2025/12/08,/kiban/app/api/download/file/686040,飯豊山
687076,DEM5A,563965,FG-GML-563965-DEM5A-20251208.zip,8508,8712192,2025/12/08,/kiban/app/api/download/file/687076,飯豊山
540049,DEM10B,563972,FG-GML-563972-DEM10B-20161001.zip,386,395264,2016/10/01,/kiban/app/api/download/file/540049,新発田城跡
619142,DEM5A,563972,FG-GML-563972-DEM5A-20250620.zip,4781,4895744,2025/06/20,/kiban/app/api/download/file/619142,新発田城跡
615388,DEM5B,563972,FG-GML-563972-DEM5B-20250609.zip,435,445440,2025/06/09,/kiban/app/api/download/file/615388,新発田城跡
540066,DEM10B,564013,FG-GML-564013-DEM10B-20161001.zip,1552,1589248,2016/10/01,/kiban/app/api/download/file/540066,三春城跡
664341,DEM1A,564013,FG-GML-564013-DEM1A-20250804.zip,26505,27141120,2025/08/04,/kiban/app/api/download/file/664341,三春城跡
662861,DEM5A,564013,FG-GML-564013-DEM5A-20250804.zip,7202,7374848,2025/08/04,/kiban/app/api/download/file/662861,三春城跡
730155,DEM5B,564013,FG-GML-564013-DEM5B-20100115.zip,7296,7471104,2010/01/15,/kiban/app/api/download/file/730155,三春城跡
536989,DEM10A,564030,FG-GML-564030-DEM10A-20161001.zip,1883,1928192,2016/10/01,/kiban/app/api/download/file/536989,磐梯山
540079,DEM10B,564030,FG-GML-564030-DEM10B-20161001.zip,1917,1963008,2016/10/01,/kiban/app/api/download/file/540079,磐梯山
718230,DEM1A,564030,FG-GML-564030-DEM1A-20260603.zip,142575,145996800,2026/06/03,/kiban/app/api/download/file/718230,磐梯山
720488,DEM5A,564030,FG-GML-564030-DEM5A-20260603.zip,7028,7196672,2026/06/03,/kiban/app/api/download/file/720488,磐梯山
616089,DEM5C,564030,FG-GML-564030-DEM5C-20250605.zip,1277,1307648,2025/06/05,/kiban/app/api/download/file/616089,磐梯山
540082,DEM10B,564033,FG-GML-564033-DEM10B-20161001.zip,1667,1707008,2016/10/01,/kiban/app/api/download/file/540082,二本松城跡
664355,DEM1A,564033,FG-GML-564033-DEM1A-20250804.zip,98630,100997120,2025/08/04,/kiban/app/api/download/file/664355,二本松城跡
662875,DEM5A,564033,FG-GML-564033-DEM5A-20250804.zip,5635,5770240,2025/08/04,/kiban/app/api/download/file/662875,二本松城跡
615401,DEM5B,564033,FG-GML-564033-DEM5B-20250609.zip,180,184320,2025/06/09,/kiban/app/api/download/file/615401,二本松城跡
540088,DEM10B,564041,FG-GML-564041-DEM10B-20161001.zip,2031,2079744,2016/10/01,/kiban/app/api/download/file/540088,西吾妻山
664361,DEM1A,564041,FG-GML-564041-DEM1A-20250804.zip,141032,144416768,2025/08/04,/kiban/app/api/download/file/664361,西吾妻山
662881,DEM5A,564041,FG-GML-564041-DEM5A-20250804.zip,7122,7292928,2025/08/04,/kiban/app/api/download/file/662881,西吾妻山
616092,DEM5C,564041,FG-GML-564041-DEM5C-20250605.zip,3778,3868672,2025/06/05,/kiban/app/api/download/file/616092,西吾妻山
540103,DEM10B,564060,FG-GML-564060-DEM10B-20161001.zip,1688,1728512,2016/10/01,/kiban/app/api/download/file/540103,米沢城跡
718231,DEM1A,564060,FG-GML-564060-DEM1A-20260603.zip,94061,96318464,2026/06/03,/kiban/app/api/download/file/718231,米沢城跡
720489,DEM5A,564060,FG-GML-564060-DEM5A-20260603.zip,7284,7458816,2026/06/03,/kiban/app/api/download/file/720489,米沢城跡
540187,DEM10B,574004,FG-GML-574004-DEM10B-20161001.zip,1967,2014208,2016/10/01,/kiban/app/api/download/file/540187,白石城
686088,DEM1A,574004,FG-GML-574004-DEM1A-20251107.zip,125312,128319488,2025/11/07,/kiban/app/api/download/file/686088,白石城
687124,DEM5A,574004,FG-GML-574004-DEM5A-20251107.zip,6586,6744064,2025/11/07,/kiban/app/api/download/file/687124,白石城
536993,DEM10A,574013,FG-GML-574013-DEM10A-20161001.zip,1210,1239040,2016/10/01,/kiban/app/api/download/file/536993,蔵王山（熊野岳）
540194,DEM10B,574013,FG-GML-574013-DEM10B-20161001.zip,2164,2215936,2016/10/01,/kiban/app/api/download/file/540194,蔵王山（熊野岳）
686090,DEM1A,574013,FG-GML-574013-DEM1A-20251107.zip,150903,154524672,2025/11/07,/kiban/app/api/download/file/686090,蔵王山（熊野岳）
687126,DEM5A,574013,FG-GML-574013-DEM5A-20251107.zip,7476,7655424,2025/11/07,/kiban/app/api/download/file/687126,蔵王山（熊野岳）
540209,DEM10B,574032,FG-GML-574032-DEM10B-20161001.zip,841,861184,2016/10/01,/kiban/app/api/download/file/540209,山形城跡
686103,DEM1A,574032,FG-GML-574032-DEM1A-20251107.zip,36653,37532672,2025/11/07,/kiban/app/api/download/file/686103,山形城跡
687139,DEM5A,574032,FG-GML-574032-DEM5A-20251107.zip,4361,4465664,2025/11/07,/kiban/app/api/download/file/687139,山形城跡
615444,DEM5B,574032,FG-GML-574032-DEM5B-20250609.zip,258,264192,2025/06/09,/kiban/app/api/download/file/615444,山形城跡
540213,DEM10B,574036,FG-GML-574036-DEM10B-20161001.zip,1548,1585152,2016/10/01,/kiban/app/api/download/file/540213,仙台城|ドコモ東北ビル|仙台大観音
664426,DEM1A,574036,FG-GML-574036-DEM1A-20250804.zip,88741,90870784,2025/08/04,/kiban/app/api/download/file/664426,仙台城|ドコモ東北ビル|仙台大観音
662948,DEM5A,574036,FG-GML-574036-DEM5A-20250804.zip,5246,5371904,2025/08/04,/kiban/app/api/download/file/662948,仙台城|ドコモ東北ビル|仙台大観音
730160,DEM5B,574036,FG-GML-574036-DEM5B-20091001.zip,671,687104,2009/10/01,/kiban/app/api/download/file/730160,仙台城|ドコモ東北ビル|仙台大観音
540214,DEM10B,574037,FG-GML-574037-DEM10B-20161001.zip,832,851968,2016/10/01,/kiban/app/api/download/file/540214,仙台トラストタワー
686104,DEM1A,574037,FG-GML-574037-DEM1A-20251107.zip,62535,64035840,2025/11/07,/kiban/app/api/download/file/686104,仙台トラストタワー
687140,DEM5A,574037,FG-GML-574037-DEM5A-20251107.zip,3655,3742720,2025/11/07,/kiban/app/api/download/file/687140,仙台トラストタワー
615447,DEM5B,574037,FG-GML-574037-DEM5B-20250609.zip,45,46080,2025/06/09,/kiban/app/api/download/file/615447,仙台トラストタワー
540231,DEM10B,574060,FG-GML-574060-DEM10B-20161001.zip,2150,2201600,2016/10/01,/kiban/app/api/download/file/540231,月山
718257,DEM1A,574060,FG-GML-574060-DEM1A-20260616.zip,158548,162353152,2026/06/16,/kiban/app/api/download/file/718257,月山
720515,DEM5A,574060,FG-GML-574060-DEM5A-20260616.zip,7615,7797760,2026/06/16,/kiban/app/api/download/file/720515,月山
540277,DEM10B,583907,FG-GML-583907-DEM10B-20161001.zip,1458,1492992,2016/10/01,/kiban/app/api/download/file/540277,羽黒山五重塔（出羽三山）
718262,DEM1A,583907,FG-GML-583907-DEM1A-20260616.zip,66149,67736576,2026/06/16,/kiban/app/api/download/file/718262,羽黒山五重塔（出羽三山）
720520,DEM5A,583907,FG-GML-583907-DEM5A-20260616.zip,7013,7181312,2026/06/16,/kiban/app/api/download/file/720520,羽黒山五重塔（出羽三山）
536998,DEM10A,584050,FG-GML-584050-DEM10A-20161001.zip,1091,1117184,2016/10/01,/kiban/app/api/download/file/536998,鳥海山
540332,DEM10B,584050,FG-GML-584050-DEM10B-20161001.zip,2075,2124800,2016/10/01,/kiban/app/api/download/file/540332,鳥海山
718297,DEM1A,584050,FG-GML-584050-DEM1A-20260603.zip,40131,41094144,2026/06/03,/kiban/app/api/download/file/718297,鳥海山
720555,DEM5A,584050,FG-GML-584050-DEM5A-20260603.zip,7234,7407616,2026/06/03,/kiban/app/api/download/file/720555,鳥海山
540352,DEM10B,584074,FG-GML-584074-DEM10B-20161001.zip,1361,1393664,2016/10/01,/kiban/app/api/download/file/540352,横手城
613807,DEM1A,584074,FG-GML-584074-DEM1A-20250421.zip,115684,118460416,2025/04/21,/kiban/app/api/download/file/613807,横手城
619441,DEM5A,584074,FG-GML-584074-DEM5A-20250620.zip,6300,6451200,2025/06/20,/kiban/app/api/download/file/619441,横手城
540450,DEM10B,594040,FG-GML-594040-DEM10B-20161001.zip,439,449536,2016/10/01,/kiban/app/api/download/file/540450,久保田城跡
718333,DEM1A,594040,FG-GML-594040-DEM1A-20260603.zip,16785,17187840,2026/06/03,/kiban/app/api/download/file/718333,久保田城跡
720591,DEM5A,594040,FG-GML-594040-DEM5A-20260603.zip,3135,3210240,2026/06/03,/kiban/app/api/download/file/720591,久保田城跡
615506,DEM5B,594040,FG-GML-594040-DEM5B-20250609.zip,243,248832,2025/06/09,/kiban/app/api/download/file/615506,久保田城跡
537004,DEM10A,594076,FG-GML-594076-DEM10A-20161001.zip,1184,1212416,2016/10/01,/kiban/app/api/download/file/537004,八幡平
540480,DEM10B,594076,FG-GML-594076-DEM10B-20161001.zip,2004,2052096,2016/10/01,/kiban/app/api/download/file/540480,八幡平
686201,DEM1A,594076,FG-GML-594076-DEM1A-20251107.zip,118554,121399296,2025/11/07,/kiban/app/api/download/file/686201,八幡平
687236,DEM5A,594076,FG-GML-594076-DEM5A-20251107.zip,6802,6965248,2025/11/07,/kiban/app/api/download/file/687236,八幡平
540501,DEM10B,594123,FG-GML-594123-DEM10B-20161001.zip,2108,2158592,2016/10/01,/kiban/app/api/download/file/540501,早池峰山
686218,DEM1A,594123,FG-GML-594123-DEM1A-20251107.zip,10759,11017216,2025/11/07,/kiban/app/api/download/file/686218,早池峰山
687253,DEM5A,594123,FG-GML-594123-DEM5A-20251107.zip,7334,7510016,2025/11/07,/kiban/app/api/download/file/687253,早池峰山
540515,DEM10B,594141,FG-GML-594141-DEM10B-20161001.zip,1584,1622016,2016/10/01,/kiban/app/api/download/file/540515,盛岡城跡
686231,DEM1A,594141,FG-GML-594141-DEM1A-20251107.zip,76673,78513152,2025/11/07,/kiban/app/api/download/file/686231,盛岡城跡
687266,DEM5A,594141,FG-GML-594141-DEM5A-20251107.zip,6832,6995968,2025/11/07,/kiban/app/api/download/file/687266,盛岡城跡
615519,DEM5B,594141,FG-GML-594141-DEM5B-20250609.zip,36,36864,2025/06/09,/kiban/app/api/download/file/615519,盛岡城跡
537006,DEM10A,594160,FG-GML-594160-DEM10A-20161001.zip,705,721920,2016/10/01,/kiban/app/api/download/file/537006,岩手山
540530,DEM10B,594160,FG-GML-594160-DEM10B-20161001.zip,1768,1810432,2016/10/01,/kiban/app/api/download/file/540530,岩手山
686240,DEM1A,594160,FG-GML-594160-DEM1A-20251113.zip,85137,87180288,2025/11/13,/kiban/app/api/download/file/686240,岩手山
687275,DEM5A,594160,FG-GML-594160-DEM5A-20251113.zip,5869,6009856,2025/11/13,/kiban/app/api/download/file/687275,岩手山
730168,DEM5B,594160,FG-GML-594160-DEM5B-20100122.zip,7832,8019968,2010/01/22,/kiban/app/api/download/file/730168,岩手山
537010,DEM10A,604072,FG-GML-604072-DEM10A-20161001.zip,886,907264,2016/10/01,/kiban/app/api/download/file/537010,岩木山
540622,DEM10B,604072,FG-GML-604072-DEM10B-20161001.zip,1925,1971200,2016/10/01,/kiban/app/api/download/file/540622,岩木山
718373,DEM1A,604072,FG-GML-604072-DEM1A-20260603.zip,115313,118080512,2026/06/03,/kiban/app/api/download/file/718373,岩木山
720631,DEM5A,604072,FG-GML-604072-DEM5A-20260603.zip,6378,6531072,2026/06/03,/kiban/app/api/download/file/720631,岩木山
615533,DEM5B,604072,FG-GML-604072-DEM5B-20250609.zip,704,720896,2025/06/09,/kiban/app/api/download/file/615533,岩木山
540623,DEM10B,604073,FG-GML-604073-DEM10B-20161001.zip,911,932864,2016/10/01,/kiban/app/api/download/file/540623,弘前城
718374,DEM1A,604073,FG-GML-604073-DEM1A-20260603.zip,54513,55821312,2026/06/03,/kiban/app/api/download/file/718374,弘前城
720632,DEM5A,604073,FG-GML-604073-DEM5A-20260603.zip,3638,3725312,2026/06/03,/kiban/app/api/download/file/720632,弘前城
540627,DEM10B,604077,FG-GML-604077-DEM10B-20161001.zip,2029,2077696,2016/10/01,/kiban/app/api/download/file/540627,八甲田山（大岳）
718378,DEM1A,604077,FG-GML-604077-DEM1A-20260603.zip,151785,155427840,2026/06/03,/kiban/app/api/download/file/718378,八甲田山（大岳）
720636,DEM5A,604077,FG-GML-604077-DEM5A-20260603.zip,7526,7706624,2026/06/03,/kiban/app/api/download/file/720636,八甲田山（大岳）
616169,DEM5C,604077,FG-GML-604077-DEM5C-20250605.zip,152,155648,2025/06/05,/kiban/app/api/download/file/616169,八甲田山（大岳）
540798,DEM10B,624056,FG-GML-624056-DEM10B-20161001.zip,1146,1173504,2016/10/01,/kiban/app/api/download/file/540798,五稜郭|五稜郭タワー
614154,DEM1A,624056,FG-GML-624056-DEM1A-20250507.zip,57829,59216896,2025/05/07,/kiban/app/api/download/file/614154,五稜郭|五稜郭タワー
619877,DEM5A,624056,FG-GML-624056-DEM5A-20250620.zip,5343,5471232,2025/06/20,/kiban/app/api/download/file/619877,五稜郭|五稜郭タワー
730177,DEM5B,624056,FG-GML-624056-DEM5B-20161001.zip,2247,2300928,2016/10/01,/kiban/app/api/download/file/730177,五稜郭|五稜郭タワー
541006,DEM10B,644016,FG-GML-644016-DEM10B-20161001.zip,1816,1859584,2016/10/01,/kiban/app/api/download/file/541006,羊蹄山
718444,DEM1A,644016,FG-GML-644016-DEM1A-20260522.zip,195003,199683072,2026/05/22,/kiban/app/api/download/file/718444,羊蹄山
720702,DEM5A,644016,FG-GML-644016-DEM5A-20260522.zip,8751,8961024,2026/05/22,/kiban/app/api/download/file/720702,羊蹄山
541073,DEM10B,644142,FG-GML-644142-DEM10B-20161001.zip,1366,1398784,2016/10/01,/kiban/app/api/download/file/541073,JRタワー（札幌）|ONE札幌ステーションタワー|さっぽろテレビ塔
686395,DEM1A,644142,FG-GML-644142-DEM1A-20251107.zip,47988,49139712,2025/11/07,/kiban/app/api/download/file/686395,JRタワー（札幌）|ONE札幌ステーションタワー|さっぽろテレビ塔
687432,DEM5A,644142,FG-GML-644142-DEM5A-20251107.zip,6621,6779904,2025/11/07,/kiban/app/api/download/file/687432,JRタワー（札幌）|ONE札幌ステーションタワー|さっぽろテレビ塔
615603,DEM5B,644142,FG-GML-644142-DEM5B-20250609.zip,49,50176,2025/06/09,/kiban/app/api/download/file/615603,JRタワー（札幌）|ONE札幌ステーションタワー|さっぽろテレビ塔
541106,DEM10B,644205,FG-GML-644205-DEM10B-20161001.zip,2177,2229248,2016/10/01,/kiban/app/api/download/file/541106,幌尻岳
664703,DEM1A,644205,FG-GML-644205-DEM1A-20250728.zip,18942,19396608,2025/07/28,/kiban/app/api/download/file/664703,幌尻岳
663225,DEM5A,644205,FG-GML-644205-DEM5A-20250728.zip,2558,2619392,2025/07/28,/kiban/app/api/download/file/663225,幌尻岳
541314,DEM10B,654144,FG-GML-654144-DEM10B-20161001.zip,2024,2072576,2016/10/01,/kiban/app/api/download/file/541314,暑寒別岳
718544,DEM1A,654144,FG-GML-654144-DEM1A-20260522.zip,222523,227863552,2026/05/22,/kiban/app/api/download/file/718544,暑寒別岳
720802,DEM5A,654144,FG-GML-654144-DEM5A-20260522.zip,9747,9980928,2026/05/22,/kiban/app/api/download/file/720802,暑寒別岳
541346,DEM10B,654215,FG-GML-654215-DEM10B-20161001.zip,2085,2135040,2016/10/01,/kiban/app/api/download/file/541346,十勝岳
718567,DEM1A,654215,FG-GML-654215-DEM1A-20260616.zip,145656,149151744,2026/06/16,/kiban/app/api/download/file/718567,十勝岳
720825,DEM5A,654215,FG-GML-654215-DEM5A-20260616.zip,8124,8318976,2026/06/16,/kiban/app/api/download/file/720825,十勝岳
541350,DEM10B,654221,FG-GML-654221-DEM10B-20161001.zip,1726,1767424,2016/10/01,/kiban/app/api/download/file/541350,北海道大観音
686425,DEM1A,654221,FG-GML-654221-DEM1A-20251107.zip,109345,111969280,2025/11/07,/kiban/app/api/download/file/686425,北海道大観音
687462,DEM5A,654221,FG-GML-654221-DEM5A-20251107.zip,5880,6021120,2025/11/07,/kiban/app/api/download/file/687462,北海道大観音
616265,DEM5C,654221,FG-GML-654221-DEM5C-20250605.zip,545,558080,2025/06/05,/kiban/app/api/download/file/616265,北海道大観音
541355,DEM10B,654226,FG-GML-654226-DEM10B-20161001.zip,2092,2142208,2016/10/01,/kiban/app/api/download/file/541355,トムラウシ山
718573,DEM1A,654226,FG-GML-654226-DEM1A-20260616.zip,62270,63764480,2026/06/16,/kiban/app/api/download/file/718573,トムラウシ山
720831,DEM5A,654226,FG-GML-654226-DEM5A-20260616.zip,5886,6027264,2026/06/16,/kiban/app/api/download/file/720831,トムラウシ山
541363,DEM10B,654236,FG-GML-654236-DEM10B-20161001.zip,2131,2182144,2016/10/01,/kiban/app/api/download/file/541363,大雪山（旭岳）
664771,DEM1A,654236,FG-GML-654236-DEM1A-20250731.zip,8786,8996864,2025/07/31,/kiban/app/api/download/file/664771,大雪山（旭岳）
663293,DEM5A,654236,FG-GML-654236-DEM5A-20250731.zip,7222,7395328,2025/07/31,/kiban/app/api/download/file/663293,大雪山（旭岳）
537019,DEM10A,654400,FG-GML-654400-DEM10A-20161001.zip,723,740352,2016/10/01,/kiban/app/api/download/file/537019,阿寒岳（雌阿寒岳）
541461,DEM10B,654400,FG-GML-654400-DEM10B-20161001.zip,1985,2032640,2016/10/01,/kiban/app/api/download/file/541461,阿寒岳（雌阿寒岳）
718613,DEM1A,654400,FG-GML-654400-DEM1A-20260603.zip,127216,130269184,2026/06/03,/kiban/app/api/download/file/718613,阿寒岳（雌阿寒岳）
720871,DEM5A,654400,FG-GML-654400-DEM5A-20260603.zip,6720,6881280,2026/06/03,/kiban/app/api/download/file/720871,阿寒岳（雌阿寒岳）
541506,DEM10B,654455,FG-GML-654455-DEM10B-20161001.zip,1883,1928192,2016/10/01,/kiban/app/api/download/file/541506,斜里岳
664817,DEM1A,654455,FG-GML-654455-DEM1A-20250728.zip,198517,203281408,2025/07/28,/kiban/app/api/download/file/664817,斜里岳
663339,DEM5A,654455,FG-GML-654455-DEM5A-20250728.zip,8841,9053184,2025/07/28,/kiban/app/api/download/file/663339,斜里岳
541776,DEM10B,674161,FG-GML-674161-DEM10B-20161001.zip,1542,1579008,2016/10/01,/kiban/app/api/download/file/541776,利尻岳
664907,DEM1A,674161,FG-GML-674161-DEM1A-20250731.zip,88445,90567680,2025/07/31,/kiban/app/api/download/file/664907,利尻岳
663429,DEM5A,674161,FG-GML-674161-DEM5A-20250731.zip,5018,5138432,2025/07/31,/kiban/app/api/download/file/663429,利尻岳
730264,DEM5B,674161,FG-GML-674161-DEM5B-20180528.zip,5996,6139904,2018/05/28,/kiban/app/api/download/file/730264,利尻岳
616307,DEM5C,674161,FG-GML-674161-DEM5C-20250605.zip,6960,7127040,2025/06/05,/kiban/app/api/download/file/616307,利尻岳
